-- phpMyAdmin SQL Dump
-- version 5.0.2
-- https://www.phpmyadmin.net/
--
-- Hôte : localhost
-- Généré le : sam. 05 sep. 2020 à 14:48
-- Version du serveur :  10.4.11-MariaDB
-- Version de PHP : 7.2.30

SET SQL_MODE = "NO_AUTO_VALUE_ON_ZERO";
START TRANSACTION;
SET time_zone = "+00:00";


/*!40101 SET @OLD_CHARACTER_SET_CLIENT=@@CHARACTER_SET_CLIENT */;
/*!40101 SET @OLD_CHARACTER_SET_RESULTS=@@CHARACTER_SET_RESULTS */;
/*!40101 SET @OLD_COLLATION_CONNECTION=@@COLLATION_CONNECTION */;
/*!40101 SET NAMES utf8mb4 */;

--
-- Base de données : `projet`
--

-- --------------------------------------------------------

--
-- Structure de la table `categorie`
--

CREATE TABLE `categorie` (
  `id_categorie` int(2) NOT NULL,
  `designation` varchar(12) NOT NULL
) ENGINE=InnoDB DEFAULT CHARSET=utf8mb4;

--
-- Déchargement des données de la table `categorie`
--

INSERT INTO `categorie` (`id_categorie`, `designation`) VALUES
(1, 'Ordinateurs'),
(2, 'Accessoires');

-- --------------------------------------------------------

--
-- Structure de la table `clients`
--

CREATE TABLE `clients` (
  `id` int(11) NOT NULL,
  `pseudo` varchar(255) NOT NULL,
  `nom` varchar(255) NOT NULL,
  `prenom` varchar(255) NOT NULL,
  `mail` varchar(255) NOT NULL,
  `motdepasse` text NOT NULL,
  `adresse` varchar(255) NOT NULL,
  `telephone` int(20) NOT NULL
) ENGINE=InnoDB DEFAULT CHARSET=utf8mb4;

--
-- Déchargement des données de la table `clients`
--

INSERT INTO `clients` (`id`, `pseudo`, `nom`, `prenom`, `mail`, `motdepasse`, `adresse`, `telephone`) VALUES
(40, 'any', 'ouy', 'anya', 'anya.ouy@hotmail.fr', '82eaff46e616fa3da0612a6abfe020edcac9aa24', '', 0),
(41, 'any', 'ouy', 'anya', 'anya.ouy@hotmail.fr', '82eaff46e616fa3da0612a6abfe020edcac9aa24', '', 0),
(42, 'kat', 'saada', 'katia', 'katiasaada99@gmail.com', 'dc0e280f758b4238d875695cf4c5bd66c0eb4ad1', '', 0),
(43, 'mima', 'ouy', 'mirina', 'mima99@gmail.com', '758b91c610b8625c1faa557f736afd5e11b36b63', '', 0),
(44, 'any', 'ouy', 'anya', 'katiasaada99@gmail.com', 'a1db6d0664becdfec1452d92e1908fb903b988da', '', 0),
(45, 'kat', 'ouyy', 'katouy', 'katouy@gmail.com', '1e94bf713139ab30f7eea0b6face0d45512b837a', '', 0),
(46, 'minou', 'saada', 'amine', 'amine@gmail.com', 'fb546ae73454df1383495a5b4f9891844ebe9245', '', 0),
(47, 'minou', 'saada', 'amine', 'amine@gmail.com', 'fb546ae73454df1383495a5b4f9891844ebe9245', '', 0),
(48, 'tarik', 'Herbi', 'tarik', 'tarikherbi2509@gmail.com', '40bd001563085fc35165329ea1ff5c5ecbdbbeef', 'lot amyoud', 671783883),
(49, 'aaaaa', 'Herbi', 'tarik', 'tarikherbi@gmail.com', '40bd001563085fc35165329ea1ff5c5ecbdbbeef', 'lot amyoud', 671783883),
(50, 'John', 'TARR', 'tarik', 'oggy@gmail.com', '40bd001563085fc35165329ea1ff5c5ecbdbbeef', 'lot amyoud', 671783883);

-- --------------------------------------------------------

--
-- Structure de la table `commande`
--

CREATE TABLE `commande` (
  `id_commande` int(11) NOT NULL,
  `id_client` int(11) NOT NULL,
  `adresse` varchar(255) NOT NULL,
  `montant` int(11) NOT NULL,
  `date` datetime NOT NULL,
  `numero` int(11) NOT NULL,
  `etat` varchar(23) NOT NULL
) ENGINE=InnoDB DEFAULT CHARSET=utf8mb4;

--
-- Déchargement des données de la table `commande`
--

INSERT INTO `commande` (`id_commande`, `id_client`, `adresse`, `montant`, `date`, `numero`, `etat`) VALUES
(8, 42, 'TIZI', 88, '2020-09-02 17:28:26', 1234567890, 'confirmée'),
(9, 42, 'TIZI', 33, '2020-09-03 23:43:12', 1234567892, 'confirmée'),
(12, 42, 'tizi', 33, '2020-09-04 02:22:54', 1233456789, 'confirmée'),
(13, 42, 'TIZI', 88, '2020-09-04 14:33:05', 1234456778, 'non confirmeée');

-- --------------------------------------------------------

--
-- Structure de la table `contacts`
--

CREATE TABLE `contacts` (
  `id` int(11) NOT NULL,
  `id_client` int(11) NOT NULL,
  `message` text NOT NULL,
  `date` datetime NOT NULL DEFAULT current_timestamp()
) ENGINE=InnoDB DEFAULT CHARSET=utf8mb4;

--
-- Déchargement des données de la table `contacts`
--

INSERT INTO `contacts` (`id`, `id_client`, `message`, `date`) VALUES
(8, 39, 'bonjour , je voudrais me renseigner sur ....', '2020-09-01 09:09:20'),
(9, 39, 'KJHGFCVB', '2020-09-01 11:45:59'),
(10, 42, 'jkslfssftgyuj', '2020-09-02 11:36:00'),
(11, 42, '', '2020-09-03 13:56:54'),
(12, 42, 'ji', '2020-09-03 13:57:08'),
(13, 42, '', '2020-09-03 13:57:12'),
(14, 42, '', '2020-09-03 13:57:21'),
(15, 42, '', '2020-09-03 13:57:27'),
(16, 42, '', '2020-09-03 17:39:22'),
(17, 48, 'annnn', '2020-09-04 20:51:05');

-- --------------------------------------------------------

--
-- Structure de la table `marque`
--

CREATE TABLE `marque` (
  `id_marque` int(11) NOT NULL,
  `designation` varchar(10) NOT NULL
) ENGINE=InnoDB DEFAULT CHARSET=utf8mb4;

--
-- Déchargement des données de la table `marque`
--

INSERT INTO `marque` (`id_marque`, `designation`) VALUES
(1, 'Apple'),
(2, 'Hp'),
(3, 'Asus'),
(4, 'Dell'),
(5, 'Canon');

-- --------------------------------------------------------

--
-- Structure de la table `produits`
--

CREATE TABLE `produits` (
  `id` int(11) NOT NULL,
  `id_sous_categorie` int(5) NOT NULL,
  `marque` int(11) NOT NULL,
  `quantite_dispo` int(5) NOT NULL,
  `photo` text NOT NULL,
  `nom` varchar(255) NOT NULL,
  `prix` float NOT NULL,
  `processeur` text NOT NULL,
  `ram` text NOT NULL,
  `disque` text NOT NULL,
  `os` text NOT NULL,
  `ecran` text NOT NULL
) ENGINE=InnoDB DEFAULT CHARSET=utf8mb4;

--
-- Déchargement des données de la table `produits`
--

INSERT INTO `produits` (`id`, `id_sous_categorie`, `marque`, `quantite_dispo`, `photo`, `nom`, `prix`, `processeur`, `ram`, `disque`, `os`, `ecran`) VALUES
(44, 3, 3, 2, 'data:image/jpeg;base64,/9j/4AAQSkZJRgABAQAAAQABAAD/2wCEAAkGBxMSEhUSExIWFRUVGRYVFRcVGBcXFRcWFxUXFhUWGBcbHSggGB4lHRUXIjIiJSkrLi4uGB8zODMtNygtLisBCgoKDg0OFxAQFy0mHR03KzcvKzcrNCsvLTctMC0rNy0rLS8sLTArKy4uLjctLTc3Ky0rLS0tKy0tKy0uLSsrLf/AABEIAOEA4QMBIgACEQEDEQH/xAAcAAEAAgIDAQAAAAAAAAAAAAAAAwQFCAIGBwH/xABAEAACAQIDBQQIBAQEBwEAAAAAAQIDEQQhMQUSQVFhBiJxgQcTMlKRobHRQmLB8BQjcqIzgpLhFRc0Q1ODsgj/xAAZAQEBAQEBAQAAAAAAAAAAAAAAAQIDBAX/xAAlEQEAAwABAwMEAwAAAAAAAAAAAQIRAxIhMUFRsQQFYZETgaH/2gAMAwEAAhEDEQA/APcQAAAAAAAAAAAAAAAAAAAAAAAAAAAAAAAAAAAAAAAAAAAAAAAAAAAAAAAAAAAAAAAAAAAAAAAAAAAAAAAAAAAAAAAAA2B8bOkP0q7OWJeHdWyVt2st2VCbazSlFtqzus1wfCzfV/SZ2/VaM8FhHeEk4Vqy0ktJU6b4p6OXkuZ5FVwbWiuuRRtvhcVCrFTpzjOL0lFqUX4NExqhsTbeKwUt7D1p0ucXeVN+MXkeodm/TRHKGPouHD11LvU/GUdY/vIg9fBQ2RtrD4qHrMPWhVj+R3a8VqvMvgAAAAAAAAAAAAAAAAAAAAAAAAAAAAOtdpe3OCwFalQxNRxlVi5JqLkoxT3U57t3FN3s7fhYGS7R7bp4LDzxNVSdOG7vbi3mt6Sinbldq7POO03a2W0aTpYapGFN+2oyvOa92Wjiua48XbI6/wCkr0k1cS3Rwk5U8Orp1I5Srvx4U/y8ePI8l9bVhLejJp63jlbwtoUd8r7InT1WXQjVHmjFbJ7V4mK/mOM4/n9p+D182ZfB9oKNWSjUh6tvSV+43yv+HzEzi1pNu0OccMnwI57Ig87W8MjJuiuDufUgzMTE5Lr8dk1aM1Vw9WVOazUoNwfnbJ/A7hsz0uY/DTti6Ea9LJb1NOMkrWve7vzzKUYnCrSBr2Hst28wOPSVGslN/wDbn3al+ST9ryudmNYcZsqlJ71t2XvQe7JeaM72e9ImOwTUJzWMorLdqNKtFflqcfMK2BB13sp20wm0I/yZ7tS15Uqndqx593iuq6aHYiAAAAAAAAAAAAAAAAAAAABju0G2aWDw9TE1naFNXds222lGKXFttJeIHDtJt2jgqE8RWlaMdEvanL8MIri3928kzVztJtWrjcTUxNb26j0WahFZQhHol8Xd8S/2u7VV9o13Vqu0VdUqafdpxfBc5OyvLj0SSWFUiojpXjo2v18VxJLKWsfOOXy0+hyTOaQNSeupO0Z0Go+/SffXVxeUihtGl6t5SUov2ZLj4p6Po/8AcuOmco0E9Un4q5mKZ4enk+p/lieusb6TEZ+88/LGUtpTikozcZR9mSfD3Zc1yvoZvAdqKqjetGLWVnpJ+CSKstk05aJxfNZr/S/uijjNl1FJNvejdZx1zdtODd0uXUuY42v1eXdaG14zjvQTfXRHGpi29ZW8Pu/9jGYaluxUVw5EsIM0wsuz4X8c38yOpEkpxJfVhGN3XGSlGTjJZqUW1JPo0ZzZXbbH0mo/xdTpvv1kX0e/dooTpFWrRIr1vs56TG2oYuCSeXraSdl1lDN+cfgej4evGpFThJSjJXjKLTTT0aa1NXsJinTdpXcfmvujtHZ3tpV2fUTjerhqmc6d80+M6bfsy6aPjnmMNe+gpbG2rRxVKNehNThLRrg+MWtYtcU9C6RQAAAAAAAAAAAAANbu021MXXrVVXmq8VOaUJd1RSk0oxXs5Wtpd2zNjMTK0JPlFv5GrSpz9pVZNvN+s76bebbb73zLCKVfDUvz0Xykrw8n9mV6mFlHlJc455c7amY/ipR/xKbtzj34+a1XwZBg6VKo57rs1LLddnu7sbd3le604MDFRJYsyGI2bLg4z/tl9vmjH16bhqmrZ2a4cbPRgSRZPTVyvRVzK4OgVHLD4a5NTwrnUUeFNKcv6pXUF5Ledv6TJUaSit5tJJXfRJZsudnML/K9ZJd6q3VlfgpexHygoryIqj/AdDg8Kdnnh1bqUK9EqMN6s5qBYnA4AQSgQVKRdZHOIGMq0SpUTSa1T4fqjLzgVqlICfsf2rrbOresp9+lO3raV+7Ne8vdmuD8nkbEbC2zRxlGNehPehLycXxjJcJLijWDEUbZ8OP3Mv2K7V1dm19+N5UptKtSv7S96PBTXB8dHzUVswCrsvaNPEUoVqM1OnNb0ZLlya4NPJp5potEUAAAAAAAAAAEONi3Tmkrtxkkubs7Gr0ZOPdkmnHJpqzTWTTXBp8Dac6F6ROwEcYniMOlDEpZrSNZLRSfCfKXk8rNB41GZHXwlOftRTfB6P4rMiqxnCThOLhOLcZRkrSTWqaOUappHH1FWHsVd5e7V739yzPtOE6uVWCjFaxvvKb4N/lXLn4ZyesJYzIIa+zoPOLcHzR9ozqU9VvrnH2l5aS8rPoT7xDWxUY+1JR8WkBYxeNjVhGnF/4slTfBqOtW61T3VJeZ2WjjElY6XSxVOUt6EoOaVsrN25X1sWf49rUDt8sZcr1sUjrD2l1Pj2hfiVGYrV0Quv1MQ8afP4oKzKrH31hiI4kljiQi9JnBldVjmqgHCrTMXiaO74cOj5fv7GXbIqtNNZ8QMx6NO2stn1vV1ZXwtV99f+KWiqx6aKS5Z6qz2HpzUkmmmmk01mmno0+JqTXpOLs/J81+/wB5nqfoZ7auMo7Ory7r/wCmm3pxdB9OMfOPuokrD2UAEUAAAAAAAAAAHSfSF2Dhj4urStDExXdlpGolpCpb5S1XVZHg+0KE8PKUK0HTlF7slNWafLr0avfgbXGO29sali6MqNaClGSdrq9nwaKNV6m0FH8MpeGX1zXwK0tq1n7NNR/qu3+n0L/aPY88NXqYeazg93xWahJO/JWvzi3nex1xYiUXbes15xf2/egF+Xr5+1VlblHur5EX/DVxu/M+0dqtZTgn/Tk/hoXqWPpT42fKWQGKxOF3d1xundLL6lvDbVce5WWXvfdcfEn2lT7l1wafzONfDJ3yC521PVhdb0Hdcr/RlR4h8ytHfou8c48V+/qXFKFZXWUuPP8A3XUMuH8ScliClXpuLsyLfAy6xJLDEGHjVJY1QMzHEk0K5hoVizCsBmI1iRTMVCsTKs+HTMkzEeW+PityW6arOKo7y6rNPqYjfaakrxlFpprKUZReTT4NNa9DKU8Re/j8uZS2jTs99aOyl46KX6fAsTsbBelqW6beWx3o37U/8Rwcakreupv1ddLJb6SaklykmpdLtcDtRr16E9t+o2h6hvuYqLh/7IJzpv4esX+ZGwpGQAAAAAAAAAAAAB5P6cOze9CONgs4d2rlfuNW3rdEteSstTw7aOG3o734orP5tr5SfglzNwcfhI1qc6U1eM04vzNZu0vZqtgasoVKcow3pQpNrKpG6cXF3tJeymrp803JIDpGDab3ZaP4rqvsZmey00na91quPNpFTamCs/WR8WuOmcvmm+W8i7sjaCa3ZafNdUMaiyutn7ujduMXo/FcCRuUWo5O+Ubu3+Vvn9TL1Vuq7acXo+Hh0fT6lRU956bsVrfj5PT69OJmZh2px2tOZ29/RQqYhJ2mnB8pL9dClXoWe/B2euX6GSxUW+sdEuCS0yZjZU0nlePhka2fVytWsTPTOp8NjY1FuVLKXwT+zK+Lwjjms0cJxT1s/wC1/b5F6lUcFaecdM9Y6WT5/pkNZ6ZzWLTJIyLeKwP4olNRKymhInhMrRJIgW4TMjD2acfek2/j9jERZddayj0j/wDWRw5t7Pq/a7VrPJNvaPmN/wAhYqVFvNrm/hw/Q+76aaeaeTKO9l8D7Goa4oyJhy+4ckclq3zJnzH9mCxksNWhVXtUZwqx67klNfHdt8TcCErpNaPM09rYadZxhTi51JNQjGObk5Oyilzu0bf4anuwjH3YpfBWOjwJQAAAAAAAAAAAAA8v/wD0Dh28DRqL8FeMW9e7Upzi01xTkoZHqB1D0sbOlX2XiIwi5Sj6uqks3/LqRnLL+lSA1keKmlq9LrjbJvjxV3nxTadyvCh3ssuiyzvLKP8ApeRcqUlbyf0a+jI5Urt+Ly1vd1OHHW9vgUTYXaqTs7qKfst62977fUyVfFU55we7+X8P+V8PP4mBxFOLzd+SfVdX7S4Z5rqUpKS5+RIjG7clrdplnqsiCNNydkrv95vkUsLCVk3Jxj1zb6RjxfUytJtpqK3YtaaylmrO/GybklxytncTPsVrWO9vDjDDxjmrNq7cuCtqo5a9X05q/OrSd2vJrhxTvrf65avO09K2rySi7WSayeXXi4304Pdd07EsJ3HLK993mnmo5q3h42tlkkiC9+r8R7KWGpWha90tPDgv0K2KwnFGSpq6vZrvTy4q05K3yIqiK5sKo2OSRdr0rlWULAfadvxK66PMmqVs3urKyWeqsQWPtjE02dl66/VTSvTSM/Pr+3JyufLnFnCUuBt5ZmZnZT4TaXqa9GotadSnU5+xNS/Q3FoVVOMZLSSUl4NXRqDT2WqyyykzansfRqQwOGhWVqkaNOM08ndRSzT0fQDMAAgAAAAAAAAAAAAAPPO2/otoYveq4e1Cu7tpL+VNvN70V7LfvLzTPENtbGr4Sq6OIpOnLhdXUlfWL0nHPnzNsjHbd2HQxlJ0cRSjUg9L6xfOMtYvqgNSKsfg9dXfJ+btl+ZETjfrfPx65a/1LPmj0jt16LsRg71cPfEYdZvK9aCt+OK9pL3o5rPJI85cb5p9b8fHLXx+JUWqUU3peWXDPO9rW/p0XRxzyLLpqXw1VvzK99Pxt72l9d1leE7Zt2/d3l87aPVWZN6743cstbpu+fFWhJeGTXECa8o3avduzSurtRcknxzcYqzzalxVi3h7Pu2u2rQzvlG8b6q/dtnfJtp2vnUU7eHDlzVunG2a5WeRk9j7PxNWf8mjObbV8nZ20bv9VcCrTXdXXefxk3+pDVids/5d7RpYeMpUYycUk4wledkuX3sdOxmKVOW5VjKnLlOLXz0fxAikiCcSV4iD0mn5o4SYFeULHEmkUq+ISyWbA+1aqX6DZ2GnVqRjGLlOTskk22+CSPmytn1cTVjSpQc6k3ZJfvJGyno19HVLZ0FVqJTxMlnLVQv+GHXPX4cbhX9G3o7jhIxr4lKVfJxjrGly8ZfTxzPRQCKAAAAAAAAAAAAAAAAAAAed9ufRVh8Y3Ww9sPiG7tpfyqj/ADxXst+9HPmmeiADwHB+hnHzlu1alClDPvKUpvNNd2Kiub1aO7bI9DeBpxfrp1a8ms3vOlFPN3ioO6zk3nJnpAA6fsL0b4HC6RlVd8pVnGUkuV4xjvL+q52yhQjBbsIxiuUUkvgiQADCdoOymExsXGvRjK/4kkpeN+PmZsAeB9q/QdUheeDqb69yWvlx+vgeU7V2LiMNJxrUpQa1usvjwN0intLZVHER3a1KM11Wa8HqvIDSzUyfZ/YdfGVo0KEHOcuWiXGTfBHv23fQvg6zcqMnRb4Wuvk187nauxHYzD7MpblJb05f4lRrvSfLpHkvqBS9HvYGjsylladeS/mVbf2w5R+vyXcQAAAAAAAAAAAAAAAAAAAAAAAAAAAAAAAAAAAAAAAAAAAAAAAAAAAAAAAAAAAAAAAAAAAAAAAAAAAAAAAAAAAAAAAAAAAAAAAAAAAAAAAAAAAAAAAAAAAAAAAAAAAAAAAAAP/Z', 'Souris Asus', 88, '', '', '', '', ''),
(49, 1, 1, 1, 'data:image/jpeg;base64,/9j/4AAQSkZJRgABAQAAAQABAAD/2wCEAAkGBxISEhUQEhMVFRUVFRUVFRcSFxYVFRoSFxcWFhcWFRUYHSggGBolGxUVITEhJSkrLi4uFx81ODMuNygtLisBCgoKDg0OGBAQGisdHx0tNystKy0rLS0tLi0tNzctKy0rLS0rKy0tLS0tLS0tLSstLS0tKysrKy0tLS0tLTcrLf/AABEIANcA6gMBIgACEQEDEQH/xAAcAAEAAQUBAQAAAAAAAAAAAAAABgIDBAUHAQj/xABOEAABAgMDAwwNCwMEAwEAAAABAAIDBBESITEFQVEGEyJSVGFxkaGx0dIHCBQXMnKBkpOjssHTFRYzNHSCorPCw+FTlPAjQmJjQ4PxJP/EABgBAQEBAQEAAAAAAAAAAAAAAAABAgME/8QAIREBAQACAwABBQEAAAAAAAAAAAECEQMSISITMTJBUWH/2gAMAwEAAhEDEQA/AO4oiICIiAiIgIiICIiAiIgIiICIiAiIgIiICIiAiIgIiICIiAiIgIiICIiAiIgIiICIiAiIgIiICIiAiIgIiICIiAiIgIiICIiAiIgIi1+XMtS8nCMxMxWwoYutOqak4Na0VLjcbgCbkGwRQXvvZF3X6iY+GnfeyLuv1Ex8NBOkUF772Rd1+omPhp33si7r9RMfDQTpFBe+9kXdfqJj4ad97Iu6/UTHw0E6RQXvvZF3X6iY+GnfeyLuv1Ex8NBOkUF772Rd1+omPhp33si7r9RMfDQTpFBe+9kXdfqJj4ad97Iu6/UTHw0E6RQXvvZF3X6iY+GnfeyLuv1Ex8NBOkUF772Rd1+omPhp33si7r9RMfDQTpFBe+9kXdfqJj4ad97Iu6/UTHw0E6RYWR8qwJqE2PLxGxYbsHNwuxBBvBGg3rNQEREBFb15tqxUWqWqZ7NaV4yriAiIgIiIC4v2ysQ61JNrcYkYkZqhrAD+I8a7QuK9st9HJePH9mGg4zkrJESYta3Z2NK2jTGtKXbxWxGo6Z0w/OPQtn2OjdHwxh4/fU2tg/7B91enj4scsZaza5z8ypr/AK/OPQnzJmv+vzj1V0fXWi41bw9Kute3bBdPoYM9q5oNRE1ph+ceqqxqEm/+rzj1V0oR2jQeBXWTjNqeJS8GC9q5kNQE5pheceqvT2P5sYmCOF56q6qyYZtXcq8jzUFv0riyuFp1AeAZ1m8fGvycvh9judOyaYJ4Hk3+arg7Gk8c8Hzz1V0qDleVbe2MKZ7QoOWlfIrkfVRLsuthxzBjXX+U3LNx4v6usnNG9i6fOeD57uqrg7FOUDngee7qro8nq4ly+wWPG/QU4seKqkjcqsPggu4L7tKx1wv2amNcXHYlyjpgekd1V6OxFlHTA9I7qLuMOfZ/yHCP5V9s7D23InWL1rhPehyjpgekd1EHYgyjpgekd1F3fu+HpVLsp7Vo8qmo1OO1w1vYcykcDL+kd1FH9WGouaybrXdJh/6tuzrbi7wLNa1Ap4YX0p3e7eHBcuR9nuKXdxkmt8x+ysVcuPU2lHa3uPcUyMwma03zDZXmHEuurkPa3fU5n7QPy2rryjkIiINIZn/9ob/wLDwhtv8AXyLdqJS8a1PF2hxB85wH4bClqAiIgIiIC4r2y30cl48f2Ya7UuK9st9HJePH9mGg5/2OGVEe8i+HhTQ/SpiJbQ/mUK7Hs5rYjXA1MPE0wD+lTA5XdS5o8tehenjysxml1j+2UJd23PKV73KTn4wOhap+Uo5we0X5hTnBWJPzk3EFxIA/pkNrw0NStXPI1i3sVjIfhxWN3nUB4sVrprVJBh3McYmmyHNHGb+RRqLJxiakOvxN541hTEAtNHCnD7lyy5MhIIurGIfBhs8tXHjr7lq3udEJdEIqbyXEV4v/AItWX0uH+BUxYuAGnNW8rlbau0gl5iFQmouGejT4wv2R0DHhzJ+jW2wS8V2BpQUxF2lRo18u8t5kqASyy68HNXiGjf0+7nfGpdqYE9dstiTn06L61C3UjMRQ5r2uLSLry2hbfeb1p8pyLS7/AE7qU2D7s+avuWcZFz2h1qlRdQuxv3r94qW/xfU4ybluE8UebDs4cDThBGZbyQjQ4hsw4jXnQw1PFiuaQpN7Wg1DmClS7whecOPPoWTCALg9rzUEAlpwJvFTeeRLyZOs26tDknbV3EspkodqueDVFPwx/pxGRWDHXhbIpmLw60btKleQ9UWvMGuNY2JSpaK4bYCpurXPmzYB9Tbcbxso7QuS9n+FZElvmZ/YXUe71yns8RrQk94zH7KTL1OWXpUp7W76nM/aB+W1deXIe1u+pzP2gfltXXl0eMVuPFDGuecGtLjwAVVxYWWH0gurgbLT4rnBruQlBFcjNIjmt5a9rfMoz9Km6hWQASQ44l1Twkqaq0ERFAREQFxXtlvo5Lx4/sw12pcV7Zb6OS8eP7MNByfUu+gicLf1KQMmDoUd1Nf+Thb+pb1tF6eP8YjLZNHQrwmzo5VhABVEjQtoqynlR0NgIF7jSuIA0k4V3t9RyYjtJJLg68X1NTXEkG+qkJoRSi103KtP+0LnnjtZWsitv2NKUBGg4V51SG1NTcMORVPlyMB7uVW2Mc94ZSzfecWgaVysai7QYA1JWzk8lxS1762QCA4DHTSlcaVzZl5KS0NjgC6pAtVvtb1BStcCtxCiljtd8I1ItX3gkDC/ZVurnJN91FxydcYzo0s0QmRHOq20WAg1GkbKtMaC80vKqgMFQ6G8VNaitkml2xBurUUoCrMhCJowvrDiOzEhtquG9XEXXVGigsSsUQdgRstcsAi8irqVe111LxdvLm6NjMQXgmratIvNQRdw31zeUrTCDFhuD4bHPJztcyh4b7r8y3rHNNSS6hqB4IBcx1moBaSMxxzrNZRxJArnvtHjJrnBWovXbVZOiRw0kQHNLvCBfDLamlaAm4Uux9y2MqI1RZYYTq3G0x7RXE0rw3cBWa19BmV+FF4ONSusw/1uYMc3VGa/Tauzcedc57NL6iU4Y/7SmwmVz/suRbQlf/d+0mP5JzT4VPu1u+pzP2gfltXXlyHtbvqcz9oH5bV15dngFpdVcWkKnjE8Fkt9p7FulGNV8Spa3QBxPcTzwhxoLGQYd7OEc6lyjmQ4eyb/AJmUjVoIiKAiIgLivbLfRyXjx/ZhrtS4r2y30cl48f2YaDj+Qn0t/d963DYq0GS3UteT3rYCIvRhfizW0bFCua6tSIyq15a2Nnr2+rMSKsLXd9eF6bF2I5VNBaCa8NLxd78NKwIramtfJmVhziOn/CuWW61LpmvjuLqiloEEUuOBHkxUl1OSJdCeyO91bOwaSdi2gOxNK31bTguxUWlWkCoaC8i4k3CozA578/8AKk/y8HNY6yLQa0upQPuucKGguLsP5XHJ1xv7q5JQozWmHZc6hrdfiAReMKCh8qyHOD31jvhwi2yb4jNcoS3EA1qK1vAotLlCDBisc9j3WgTSE6paRVtKXBrSNlprdeFqmyzheWkCtK0uqpMZS5VNTlSFcIUPAm+KbQOa9oNk8VFpXteI4fBNgF1S1tzBXHYjNebt9YkKLQALKhzIVuLcsSZkxVXWzNFH4c2rndaxY9EySFk5vqGdkuPa7n3td/bWz7sOlRvVnGtCFvW/0KYz1nly3hXXO1u+pzP2gfltXXlyHtbvqcz9oH5bV15dXhFDtUD7Uemg3eLZZT8WucqmKgsZ9uMXZjVw4HkxB7asG8yVEawgvNAbgThU4VObyrfLWZIhAsdUVBuIOFKX86yMnGgMM4w3Ft+1xb+EgeRQZaIiAiIgLivbLfRyXjx/ZhrtS4r2y30cl48f2YaDici6lfJ71lh6wpU4+RX7S7YfZmr4eqraxw5e2loXi9LasWktJsXrapc4K1aQlQZcrNEbBrfCpgTiLwbt9Z0xOy4ZTWiItTWhNmtqpJq+taXYDHeotRAihpqWB3CSOIj3gqmI+przmvKudiytvI5TY1xL2l4oKDAEgg0cCc4qK30rUCtF7O5U1y5rBDbcKB8R5u0l7jvZhgtQ1XQU6xrtWYyIrzYqwWlXA9GpWwEVXGxd9a5rlcD/APCsV0lbERVpdUrq63979KzA8rWZbPgfe9yyud+Lt3a3fU5n7QPy2rry5D2t31OZ+0D8tq68tPOsT0UshveMWscRwgEgKFSwFt1MASBwC4cgClWqCNZgk56t4mm278LXKL5Hglxa3SQFYJhk1lIbd+/j/ii8dsYwOaI2yfGbeOQu4llAUuViebsajFpDh5MeSqgyEXjTUVGdeoCIiAuK9st9HJePH5oa7Uoh2QpCDGEERYUOJQvprjGvpWzWloXYIPk9ryMFVrp08y7583pPcsv6GH0L0anpPcsv6GH1VfUcC106eZNeOnmXfxqdk9yS/oYfQqxqcktyS/oYfVV9Hz7rztPMmvHTzL6FGpyS3JLehh9VVt1NyW5Jb0MPqp6PnfXjp5k106eZfRjdTUjuOW9DC6quN1MyO45b0ELqqej5u106V7rx08y+jJvI2TILbcaXkobahtqJCgsbaOAq4Y3HiXmSMlZMmYeuwpWUcK0NmFAdZdjZdYBAdQg0rnT0fOmvu08y97odp5l9MjUtIbilfQQuqrg1KyG4pX0ELqp6r5j7pdtuZO6n7bkHQvp8alcn7ilfQQuqqxqUyfuGV9BC6qG3y8Jx+25B0L3u2JtuQdC+ohqTyfuGU9BC6qqGpPJ+4ZT+3hdVQ2+XO7om25G9CtxphzvCNaYYL6p+aWT9wyn9vC6q9+aWT9wyn9vC6qG0T7W76nM/aB+W1deWp1PZMgS7XNgQYcJpdUiExsME0pUhoFStsgj2rGNRjW6bTuKywjiiHiVvUrL1JecGig4T/HOqNWZBMJmcknfoM3GQt7kuV1qG1mfF3jHHo8ioy0KIoLEncLO1Jb5M3JRX1Ywibzhyt/jmV9AREQFGdWouhHfePLRvQVJlampZkRth7Q4aDzjQUHNQqgpv83ZbaHzn9K9+bsttD5z+lXaISFWFNPm9L7Q+c7pT5vy+0PnO6U2Ie1XApb8gy+0PnO6V6MhwNofOd0psRVquNUinMkwWw3uDbwxxGydiASM6g47o2/4W9CDXdkTUvEyhLshwnNbEZEDxbJDS0gtcCQDQ3g1pmOlZfY+yHHkpQS8d0NxER5brVaBrqG9xAqa1OGcLID5jb/hb0L0RJnb/AIW9CDftVwKO69Nf1Pws6FPIOT4ZaDZxAOJ6UGoCuBbf5Ph6OU9K97gh6OUoNUFUFtO4maOUp3GzRylBrQvVsu5GaOUp3IzRylBbyfgeFZapY0AUFyqUVpHyuuzlo+DBYD99xNB5LNeJbtW4MFra2RSpLjiauOJvVxAREQWJsXWtqQfJn5FfBXjhUU0q1KHY0OLSWnyfwgvIiICIiAiIgIiICIqIpIaS0VIBoK0qcwrmQUTgqxwwqKX79y0fye3S3jCt5XdMzEMwnSsVoJBOtxIGY1F5iA4jQo2dTMxmgzHpIHxUEo+T26W8YXvycNLeMKLfNqZ/ox/SQfip825r+jH9JB+KrtEp+Tm6W8YW9lvAbwAci523U3M54Ux6SB8VSXJkaZgw2wmysVwbWhiRIGc1vcIhOfQVFSNFSwmgqKGl4BrQ6K51UgIiICIiAiIgIiICLwleGINI40FSx2GkQjbAO8ouKrdMsGL2jhIViXia48vHggWWnSSbyN5BmIiICIiAiIgIiICIiAiIgIiICIiAiIgIiICIiAqXsBx4biRyhVIgx3STDiD5zulU/J0La8rulZSIMT5NhbTlPSqTkqDtPxO6VmogxIeTIQNQzjJdzlZQC9RAREQEREBERAREQEREBERAREQEREBERAREQEREBERAREQEREBERAREQEREBERAREQEREBERAREQEREBERAREQEREBERAREQEREBERAREQf/9k=', 'Apple iMac', 230000, 'Intel Core 2 duo E7500', '4Go DDR3 1066Mhz', '250Go SATAA', 'Windows 10', 'Ecran plat TFT 17 pouces'),
(50, 2, 2, 1, 'data:image/jpeg;base64,/9j/4AAQSkZJRgABAQAAAQABAAD/2wCEAAkGBw8QEA8PEQ8PDw8PDw4PDg8PEBAPDRAPFREWFhURFRUYHSggGBolGxUVIT0hJikrLi4uFx8zODMsOiguLisBCgoKBQUFDgUFDisZExkrKysrKysrKysrKysrKysrKysrKysrKysrKysrKysrKysrKysrKysrKysrKysrKysrK//AABEIANQA7gMBIgACEQEDEQH/xAAcAAEAAQUBAQAAAAAAAAAAAAAAAwECBAUGBwj/xAA9EAACAgADBAYHBQgCAwAAAAAAAQIDBBESBSExQQYTUWFxgRYiI1ORktIUMkKhwTNSYoKx0eHwVPEHQ3L/xAAUAQEAAAAAAAAAAAAAAAAAAAAA/8QAFBEBAAAAAAAAAAAAAAAAAAAAAP/aAAwDAQACEQMRAD8A9xAAAAAAAAAAAAAAAAAAAAAAAAAAAAAAAAAAAAAAAAAAAAAAAAAAAAAAAAAAAAAAAAAAAAAAAAAAAAAAAAAAAAAAAAAAAAAAAAAAAAAAAAAAAAAAAAAAAAAAAAAAAAAAAANdtnbFWFjGVmpuctMIwSc5Pi+LS3GxOf6Z7JeIo1Q/a0N2V9/avy/IC5dKK/c4j4V/WVXSav3GI+FX1nL7LxPWVqX4lukuDTXEzkBu/SWv3GI+FX1lPSav3GJ+Wr6zToqBuPSav3GJ+Wr6x6TV/wDHxPy1fWahFQNr6TV/8fE/LV9ZX0mr9xiflq+s1JRgbf0mr9xiPlr+sek1XucR8tf1mnZYwN36T1e6xHy1/UVj0mpbWcLorm3CLS73lJs0DZHIDu6bYzSlFqUZLNNb00XnI7A2l1U+rk/Z2PdnwhN8/B8Ph3nXIAAAAAAAAAAAAAAAAAAAAAA4HbWC+yYrUllTiHn3Rs7CRM6nbuzo4imVb48YPmpLhkcXg7ZZOM904PRNd65gZuZVSIky5MCXMrmRZjMCTUMyzMpmBfmWNlGyxyArJkUmJMjlICybOs6M7T62HVzedta4vjOHBS8eT8u05CbKYfFSqsjZD70HmuyS5xfc0B6YDG2fjIXVwsh92S80+cX3pmSAAAAAAAAAAAAAAAAAAAA4/pTgOrsWJivVnlG1Lt5P/e87AgxuGjbXKuSTUk0Bw0ZFykQTqlVOVUuMHku+PJlykBMpFdRCpFdQEmY1Eeoo5AXykbCvY9slLLSpR05wbye+KayfD/o1Tmb3E7VhGqGKc9CjFV3b3GPWRecU+55yS/8ApAaPEQlBuMk4yXFPczHlI5PEdI744irE26+ovtjhpxnJzdepepv4a4Wq6EsuKcW+R085AJSIZyEmRTkBuejG2Ps9uib9ja0pN8IT4Kfhyfk+R6EjxyyR3XQrbfWw+z2SztqWcG+M6v1a4fBgdSAAAAAAAAAAAAAAAAAAAAA5zpZs/OKvivWhullxcf8Af0OZjM9GtgpJxe9NNNdxwG1cG6LZQ/C3nB9zAi1DUQqRXUBLqKORE5FHIC9yMHbOAhiqZ0TlZGE1vdc3CSeTye7c+L3PNbzIcy1yA4azoHOUaITxKmqMTZZGxxfWumbUpVv+LWm88/xyO3nIslIjlMCs5EM5CciGcgKTkUw+LnVOFtb0zrlqi+WfY+58H3MilIhlID2XYu04YqmF0N2rdKPFwmuMH4f2fMzzyTojt/7JflN+wtaVvZF8FZ5c+7wPWovNZgVAAAAAAAAAAAAAAAAALJWJc0BeafpJs/ranJffhvT7v9/U2MsVHlm/Bf3Me3Gy5RXmwPPM+XBrihqM/buF0z1pJKT3pcF2P9DVOYE2Za5EWotcgJHIslIsciOUwL5TIpSKSkRSkBWUyGUhORDKQCciKUhORFJgUmz0b/xz0h6yH2OyXtKlnQ3xnUvweMf6Zdh5nfbGKcpSUUuLk0kvNlmB2k4yhfQ55wnF12xhLQ58lF5ZS8F2gfRAMHYmNliMPVdKudMrIKUq5pxlGXBrJ78s1mu5ozgAAAAAAAALLbYxWcmortk0kYdm16F+PU+yKb/PgU2vXCUPWaTjvi3FyjnllvXYck8fRF6bFKp/vRbnX49q+AHUvbKf3YP+Z5f0Lft832LwX9zUYVRms67YWL+H/Df6GTDNAZvWt8W35lykYqmUWKrTalJxy56JNPzSyAyJSIZzZjPFzkpOuEbY6ZaZ6+r38k4y3x8TD+1Npqc5SXqrTXTGxJvPd1qTg+HF5ZdwF+0cnFqe5Nb29yS8eX+DlMRBwk4vlwfJrkzfYqNbjl7NRee+63rp6uyNcXp+D8jV4yvXDdqcqucoSg5V9ye/d/QDBci3URORa5ASORY5FjkWSkBdKRHKRa5EFlyXFoC+UiOUiXD4S+39nVJrnKScYrxfYZ2H2DHP2trnL3dC1vwcuH5gaWdq8X2Le2S04DEWLONemP79j0R/M7PZvR6X/rohSv3pZWW+Lb3L8zosH0ZgmpWNzl2yerLw7APNsP0blNr15WS4rRXF1p8t893nlJdx2fRbozKmatlFWWcVO5ytnHwb3LySXcdjRga4cIpeRkxiBSvPnln3F4AAAAAAAAAFsoJ8jXYrY1M+MF45GzAHJYrofDPVW5QlycW0/ijFlgsfTwmro9lizl8yyZ25RxQHm+0Nq42LTjXXXlnrhdCycJblwsg84/LLiS7N2/bPX1uGUXCGvOi6F8bP4YxajZq7nFeJ3luEhLjFM1OL6NUWfgSfatwHKYvpLs5V1WX6qo3SlCLuothJTTeaknHVH7r3tJGxrvhbGDpxTlGcVOvTZqUocU1+LTv5Ms2v0KjdHRLK6C3xhfFWxT7s+Hkcr0h6Bu2NMdNlX2aDrplhp5aY7t2mWefBcwOkxVVi4V0883GGmx5rim89+7izT32yrnGSjc8k1LrJ6ouLe9bs9/HkvE1213tKHVPCYmMHCGmynFQeixrLKWrJ5PjzNzROUq4StUZWdWnb1Lbhr0+so58s88gNZjq1GWa+5Na4cVufLeYrkZ9WeJohZXCxwsh1tKlBq2Eudc0uGefHuZiW7Ltik7ZKvOUVoWcrMm0m9KTe5PPhyA09e2Y3ScMLVfjZr7yw1bnCPfKx+rFd+Zm4OrE2er1Vbtzequi+GI6tclZKGcVLuTZsIbGsujGpO+yqOShC6XV4eKXDKit7/GUnnzR1WzejdmiNblorislXWlVDvzUeOYHKw2K0/b3xg/d1e0t/Lh55G32fsZJ+xwyz97iPXl5RX6s7LA9H6q0sor4G2qw8Y8EkBy+H6Oznl1s5SX7m6Na/lW43mE2RVWllFbjYqJUCyFaXBF2RUAAAAAAAAAAAAAAAAAAAAAAFHEslUmSADAxGzq5LfBPyNRieitUt8U4Pti9LOmAHGeitmf7e3T2amv6Gdgui1UN7Wb7eb8zpQBh4fZ8IcIoylBIuAAAAAAAAAAAAAAAAAAAAAAAAAAAAAAAAAAAAAAAAAAAAAAAAAAAAAAAAAAAAAAAAAAAAAAAAAAAAAAAAAAAAAAAAAAAAAAAAAAAAAAAAAAAAAAAAAAAAAAAAAAAAAAAAAAAAAAAAAH//2Q==', 'Hp Pavilion', 220000, 'Intel Core i5 duo E7500', '4Go DDR3 1066Mhz', '250Go SATA', 'Windows 10', 'Ecran plat TFT 17 pouces'),
(51, 5, 1, 1, 'data:image/jpeg;base64,/9j/4AAQSkZJRgABAQAAAQABAAD/2wCEAAkGBxITEBUTEhMVFRUXFxgVGBgVFhUYFxcYGhcaGBYYFRgYHCggGRomGxcVITEiJiorLi4uGB8zODMtNygtLisBCgoKDg0OFw8PFSsdFRktLSstKy0tKy0tNys3LS03LSsrKysrKysrKysrLSsrKysrKysrKysrKysrKysrKysrK//AABEIAOEA4QMBIgACEQEDEQH/xAAbAAEBAQEBAQEBAAAAAAAAAAAABAUDAgEGB//EAEcQAAEDAQQFBgkJBwQDAAAAAAEAAhEDBBIhMQUTIkFRFTJhcZHRIzNCU2JyorHSBhQkUoGSobPDFjRzssHT8ENUgsJj4fH/xAAVAQEBAAAAAAAAAAAAAAAAAAAAAf/EABYRAQEBAAAAAAAAAAAAAAAAAAARAf/aAAwDAQACEQMRAD8A/uKIiAiIgIiICIiAiIgIiICIiAiIgIiICIiAiIgIiICIiAiIgIiICIiAiIgIiICIiAiIgIiICIiAiIgIiICIiAiIgIiICIiAiIgIiICIiAiIgIiICIiAiIgIiICIiAiIgIiICIiAiIgIiICIiAiIgIiICIiAiIgIiICIiAiIgIiICIiAiIgIiICIiAiIgIiICIiAiIgIiIPj3AAk4AYlZR+UNH0j9g/qVbpLxNT1T7lFoZ3gKfq/1KuB+0NH0vZ718/aGj6XHye9XSsfT3jLP/EH5lNIiv8AaCj6Xs96ftDR9Lh5OecZqwkyMcFln9+H8L+rkgo/aCj6Xs96ftBR9L2e9ViZOOG5ZehvG2j1v1KqQUn5QUen2e9feX6Ppez3rpVvat94g7LsuoqPQU/N8DBvPxPrlWCgaeo9Ps96cv0en2e9eNLTqDeMm8z81sKiwHwVP1G/yhSDny9R6ePk5cc05eo8T7PepNN+MoeuPzKa1pSCTl2j08PJzzjNfeXaPE+z3qV/76PU+JaQmc8OG9IJ+XKPE45c3HqxTl2jxPs96m0V42v636lVXVZuOkzsn3JBzOm6XT7Peg03S4n2e9TaBJ1Ag4yV10rOpM47VP8AMarB05co8f5e9OW6XE4Y+TlxzX2xTqacGNhn8oUmmOfR9dv5lNIKuW6PH8W96+8tUs5PDyc+Ga7mZGOG9ZlT98b6g9z1IK+WqXH8W96+8s0uOeXNx6sV2F6c8OG//M1n6L8ZW6/1KqQU8t0eP4t71oUqgcARkVI50tdgRmMd+HuXnQfiGdSKvREUE2kvE1PVPuX56xOtFxtymxzRzXENmJMY6wdO4L9DpLxNT1T7lBops2Zgz2eMb+KuIhtOkbVTEvYxoym7OME+TVJyBU9rfaKhaXMALDLYDRjIdtTUMjZGUb1f8pvEt9f9N60X0sRhv7MDj/nFUYj9KWgOALGXjzRcxPGDrIGS5mpaNbrbgvRdybdjHdrJmTnKrt1P6VQHX7itPV7URumftyQYjdKV75aGMvjMXMd2Z1kHBzd+9eLK+0Mc5zWCXmXSGxN5ztmKggbRzncqrJT+m1h0f9aS0m0QSdnIg9Z4oMVmkK72kMYyDgSGRiWg76mcELzQtFalTIDG3BJN4B0A4umKmIz3Kz5PU5pu9f8ATprtbqY+bVCBGw/A9RQZ9W1V6jLtxtyRzWgc10iJqYCWjdkht9amxoe1gaBALmTzWk43amcA7loWGn9HBic8P+RU/wAo6cUR1n8t6Ca1PrvLS5glplsBoxkHGahkbIwEb11dpGveALGXvJ2MemDrYG9a1akJbhOPZ0qG20/pNEdfuKCM1K+s1lwXojJt2Md2smcc5XRukq14gNZe3i5jhGZ1sZObv3rY1W1luz/p/nBZtkp/S6o6P+tJBNZ6ldrnOazF2LpDSJvOdsxUEc45zu+30y31nNNxrIOZDIxInfUzghbFJkk4RB7f8hZ+gKcsd6w/LYglo16tJhAYAwSTeaHQN8xUEjPcvVS01ntu3Rdkc1oHMdumpgJbwyV9rZNnqGI8G/D/AIlLHT8DlOLv5ygzzbarGND2sDQIBcyea053amd0Hclpq1nlpc3FplsBoxkOEzUM4tGAjeu/yhZ4EGIxP5VRaj6OOU49nSgyHaQrSAWsvbhcxOeR1uG9czUrazWXNoYZNuxBGWsmdo4zwVlrp/SKQ6/c5X6nHJBlUrbWLiGtZfxkXIMC7mTVjym719oU7Qwuc1gl2LpDCJvOdsxUEc48d329bKItVTqP8tFaiDKqVbVB2G5HJrfw8MtDQwGpbGW7q3JVqboOIPuXzQX7uzqU0XoiKKm0n4mp6p9y/P2HRlR1Nrm13MBxDRrIGJ4VAPwX6DSXianqn3LJ0bbWNosF+mCBBDngEYmcFcRyqaDqOEOrlw4Oa9wyjI1OBPaprfQq0iwa+o6+bo2qog3mifGGed0ZLc+f0fO0/vt71k6atNNz6N17SA8F0OBgX6ckwcBgexUcnaLqkyapJGRN8uHUTUkfYuZpVtbq9c+YvTfqxGOEX+jitqpaKMhwq05E4X2Y4LPFoZ87Di9l3VgE3hdDtoxeylBybouqDIqkOObhfvHLN2sk5DsC5WenWe57RWeLhg7dUztObhtiOb05rabWoBxdracn/wAjI+zH/JKg0TXpirWLntALpaS4AOF+piCcxiO0IJ+T6rGktqloAmG6xoMDfFTOABK80LPVqsva110ki651R2RjHbg5ZQteraKIpvAqsODjz2k4zlBUuhqtMULj3saZeCC5oOJPE8CgkqWWrTbOtdEjBpqN5zgMIfAxdOSCw1XsaXVLwIBh2scBI9J8ZEiYV+kq1LU3WVGOM0wAHNJMPacgeAJ+xdLJaKOqpg1KYhrMC9sggDAgnoQZVoZWYWg1Xm8bo26og3mtk7ZnndGS7O0dVmTVk7idYSOompI+xe9K12F9KHsIDwTdcCA0PpmXRlhPYtI2ijIOtp4em3vQYxp1dZq9a+Ymb9WIx3X88OK6DR1WZFSDvcNZeOWbtZJyHYOC7Or0/nYdfbduxevC7MOMTlKvFejM62n99nR09AQY9CnWcXNFV4LcDt1TO05uAviOb05r0LBVaDdqXYGTdY2YGExU4CJVGja9MVKpL2gE7JLgARfqYgnPMdoVlW00Qx3haeTvLbvnpQZNCjUqtkVHXThDnVHT17cHqhen2aqxs6wxIwaajec4CRD4GLpyVOiKlMUbr3taZIILmgieg9BXS31qWqutqMcbzIAc0nxjScB0SfsQQtsdV7WkvkEAw/WPAkelUiYJExvSsyqwtBqvN4wNuqIJc1uPhDPO6Mlo2WtRNKmHVGCGtkF7QZuxBEyuGlK1Mup3XtdDgTDgYAewkmMhgexBwdYas41JO4nWFwj6pNSR9i8FtW+KesfeOM36sRDt2s9HjvWu6tRJB1tPD02d6gfWZ86Dr7bt0C9eF2YfhOU4jtQchYKszrMd5GsvGYzdrJOQz4Dgvtks9R5cNa5pbgTeqmdpzcBrBHM6c1pivRmdaz77I3dwUmjK7BUqS5ovHZkja8JU5vHMZcQgP0ZUg+HccDgdbj0eNWloZ00Wnjivj72OUY78xHVxXzQX7uzqU0XoiKKm0l4mp6p9yx9GaOpvpNc5pJImb7xjJnAGAMlsaT8TU9U+5fnbFpekxjGuDpYCDBZBxPF4IVxGpyTR+qfv1PiQ6Io/VP36nxKX9oqPB3bT+NfXfKGkPJflh4vH21RDoexipSvumZ+s4eS05AgbyutrsDG0i9s+SRtP3uAyJ4FcdDaTp0qerdLjPklhB2WiMXA5grvpDTFJ1MsAIJIzNMAbQJmHSgWbR7DSY917FrXE3n5kA5A8SuWlLEKbWlsgl107Tjhccd5zloXew6YpCkymWuJa0NMasgwIkbeWC4aW0rTqNaGyLrrxvFn1XNgQ447X4ILH6LpgxtY+lU7+kKOrZALQymJuuAJF53Coc5kc1vYruXaJxuuMb/B4e3goK2lKZtDKo5rQARLLxwqCRtRG2N+4oLRoxkxtTnz35dqlsljDqlRpmGRG04ZudmQZPNGat5dpZ3XRlPg/ffUNj0rTbVqPOT4gA05EFxxl0Y3t05IK2aMYfrYYc+p3qTRtmFSmXuJwjJzh5DScAekq46bot8lwnH/SE+2otE6Sp02XHbRJHNLCDstbGLgcwUHW1WJraZe0nAjG84jnAHM4719stha6k15LsWhx2n7xJwBX236WpuYWAFpJGZpiNoEzD5Sw6VpimymWlxDQ0waZBgRI25jBBy0jZBTa0tLgSS07Tj5LjvJxkBUu0cwECXSZjbfuz3qbSek6dQNDcLri7adTx2XCBDjjtfgrOWqRxuuMb5pYe3ggjqWWK7acuukAnad9Woc5kc1vYquTWzm777+9SVdJUzXbU8loAi9TvHCoMNqPLG/cVdyzS5113CZpdk3+tBHZrNeqPYS6G5bThmTmQZOSpZo5h3uwMHbqd6lsukqbar3nEPyAdTkQTnLoxncSrOWKTcbrhOOdLHql6CTR1m1jLzi6cBg5w8hpyBG8ldLTZA2nfBd5JEuccyNxPArxovSLKbbpxMjmupxzGtjFwOYK627SdNzCwAtOGZpgCCDjD5y6EHmzWIOptcS6S0E7T8z0A4LzbrMGBpBOLoMuccLrjvPEBdLJpam2m1pmWtDZDqUYYYS9ctI6RZUDQ3CCXbTqeOyRAhxxxQblXI9RXPQX7uzqUFTTdMgwDl9al8a0NDNii0cMOxTRciIoqbSXianqn3KLQzvAU8fJ/qZVuk/E1PVPuX56xVbSGNuUmuaOa43ZIkxnVHTuVxH6KVhaFpS6t/EI/Er5aNJWmmJqU2NGUxOMExDahOQPYvFjbaqd67RBvG8bxp54zEVRhiqLrXQ8DUxnYf7iuejafgAel59tylr260Eao02NLwQAAJIIIN0ioWjfmvdmqWum0NFFsAmLxZOJLsxVHEoPunqcUJ6R7irxShrcCchhuwzWRa7RXrTRNMSMXNbAIwEbRqXfKacJz61Y202wADUtwHof3kHPStLw1AdJ/MpLRNLaiPf/AJ/9WNba9dz6ZewNcDsABpDjfZMxUO8MGYz7LvnVs8y32P7yDlSpfS3D0HH8KK0G0cSIOEY8epZjW2oVTV1W0QRHg7sG7kNbM7A38VR86tnmW+x/eQcdC0pNXofHtOVNopzQqEgjYfgfVKksjLTTLi2lzjJvas4yThFUQMV1r1bW5rmmiIcC0xcmCIMeGzQdNH0vAggTi/AfxHLxpen4CYjFpxzErzZ32pjbraQiScbhOJJ3VRvK+Wv5zUbddSwmdnVg4ZYmqUFmrhrYaTgMupR6VpRVojif1aK6stFrAA1TcBHkf3lJbatYvYajA1wOwAG7Rvsziod4YMxn2BqmltAR9uPT3fiFFSpfSnD0XH8KK6C12vzTfY/vKYvrsearmBpOySQ0tAdcaMG1C6Za3HpP2BpMpSSOEcd6h0TSl1TocR7b17ZbbSQCKbSCJGDRIOIMGtIw4qelUrUSdgAvPlAGXXvJu1MMXgY9uaC+2UIpVPUf7iumiPFD1qn5jlJWqWpzXNNIAOBBgMnHOPDZ4rlQtFZng2tEySGkAuhxLsxUDY53Yg3ZSVk/OLV5pvYz+8vFO3WhxIaxpI5wuxdxIxmqAcWuynJBrVTgR0HDoXPQfiGdSzalW04k0gMM4aYwzjXda1NDAalsZburcpotREUVNpLxNT1T7lDoZw1FMej/AFK1KtMOaWnIgg/aslug3DBtd4G4S7DfucriOPym8U31/wBN6031mgwT+BUFXQLnCHVnOHB14jKMi7gT2r3yPU/3FTtf8aontjgbVQj0vcVpOrtyJ6Mj3KJ2gSSHGs4kZE3pHUb0he+R3/7ip2v+JBLZHD55WO66P5aS1DaG8fwPcom6BIcXCs68cztScszek5DsC6cjv/3FTtf8SCTSIbrbPdyk8fr0eK2VnP0ESQTWcSMibxIxBwN7DEDLgF75Hf5+p2v+JBcii5If5+p2v+JOSH+fqdr/AIkFqKLkh/n6na/4k5If5+p2v+JBaii5If5+p95/xL7yS7z9T7z/AIkFiydMeOoet+pRVXJLvPP+8/4l5foSSCariRkSXEjEHAl2GIGXAIKGVGDLrycptJ1AaRj61PcfON4rpyS7z1T7z/iXx2hyc6ryM4JcRhiMC6M0H2x1WinTnO4zcfqhTaVdLqJH12/mU1Q3RBAAFV4AwADnwBwG0vj9CznUcYykuMZHCXYGQMRwQWGZGUb/AP1wWPbGvNrbcc1rroxc0uERU3Aj3q7kp3nn/ef8S88jYzrHTxl05RnemMTh0oOYpWi8fC0ZgT4F0xjH+p1/ivGhg6/VvEF04kCAfCVchJjtVXJTvPP+8/4l5boaMqjhxILgTiTiQ7HEnPiUFLpumY35DduXjQX7uzqXI6JJwNV/3n/EtCz0QxoaMgpquiIigIiICIiAiIgIiICIiAiIgIiICIiAiIgIiICIiAiIgIiICIiAiIgIiICIiAiIgIiICIiAiIgIiICIiAiIgIiICIiAiIgIiICIiAiIgIiICIiAiIgIiICIiAiIgIiICIiAiIgIiICIiAiIgIiICIiAiIgIiICIiAiIgIiICIiAiIgIiICIiAiIgIiICIiAiIgIiICIiAiIgIiICIiAiIgIiICIiAiIgIiICIiAiIgIiICIiAiIgIiICIiAiIg//9k=', 'Clavier Apple', 23000, '', '', '', '', ''),
(52, 6, 5, 1, 'data:image/jpeg;base64,/9j/4AAQSkZJRgABAQAAAQABAAD/2wCEAAkGBxIQEBAQEBAREA8QEBUQDxAVFhAQDw8PFhUWFxUVFRYYHSggGBolGxUVITIhJykrMC4uGCAzODMsNygtLisBCgoKDg0OFxAQGy0lHyUtKy0tLTIrMi0tLTUrLS0tKys3LS0tMC0rLS0rKzctKy0tNy8tLTctLSstLSstLS0tNf/AABEIAOEA4QMBIgACEQEDEQH/xAAcAAEAAQUBAQAAAAAAAAAAAAAABgECAwQFBwj/xABNEAABAwEDBQsIBgcGBwAAAAABAAIDEQQSIQUxUWGRBgcTIkFScYGSodEXQlNUk7HS4RQyYqPC0yNygpSissEWM0NVY4MIFSREc/Dx/8QAFwEBAQEBAAAAAAAAAAAAAAAAAAEDAv/EAB4RAQACAQUBAQAAAAAAAAAAAAABEQIDEiExURNB/9oADAMBAAIRAxEAPwD3FERAREQEREBERAREQEREBERAREQEREBERAREQEREBERAREQEREBERAREQEREBERAREQEREBERAREQEREBERAREQEREBERAREQEREBERAREQEREBERAREQEREBERAREQEREBERAREQEREBERAREQEREBEWrlS3Ns8Mkz/AKsbS4jlJ5ANZNB1oNpF5JlDdja5TUSmJpNAyPi0H631j01XPOVpziZ5z/uSE+9B7WsNqtTIml8r2xsFAXOIa0E4DErxkZTmIxmm6C9/it7cq8zWi0OkcXxQxMiDXEvYZXm+4lpwqGtjoftnSg9Et26qyRMc8TxykUpHG9jpHYgYCutcc74tn9FN938S4kccb7bMeDjuQQxxjitpwshL31FM4YIe0VuSRR+jj7LfBBunfHs3oZ/u/iVp3yrN6Gf7r4lypY4/Rs7LfBasjI+Yzst8EHdO+bZvQz/dfErDvo2Uf4Fo+6+NRuVjOYzst8FqStZzGdlqCWHfUsvoLR9z8atO+xZfV7Tsh+NQqRrOa3YFqSBvNbsCCenfcsg/7e07IfjVh337J6tatkHxrzuQN5rdgWrJd5o2BB6Yd+OyerWrZB8asO/NY/VbXsg/MXlslNA2Baz6aBsCD1k79Nj9Vteyz/mKw79tj9Utmyz/AJi8ifTQNgWB9NAQexeW+x+qW3ZZvzFJ8lb4mTZ4Y5nWuGzGQE8DPJFFMyjnNN5t7S000hfN7qaAsD6XswxHeP8A73IPruxWyOeNssMjJYnirJGEPY4ZqgjA5lnXyLFlKZjQxk87GCt1jZJGMbU1NADQYknrV5y5a/XbX+8Wj4kH1ui+SG7oba3FtutoOq0Wj4l38ib6OU7K4F1oNqjBF6KYB15vKBIBeB11PQUH0wi0ch5UZa7NBaov7ueNsja5xUYtOsGoOsLeQEREBQLfSypdZFZWnF54WQfYbgwHpdU/sKeErwjdLlb6Vappgasc67F/4m4Mp0gV6SUGsH1dUUAY01GJ4xGtw1bVfZn0bjiXG8TiMOTXmWSOyzAXbjc+Jvn4VrOvZy1oac1DWuAOjWEGwZNQG1dzccbtlEnLaZHWgnS1xpH922NRHKLzwbmtNHyERMOh0hDAeqtepS1kgawMGDWtDAM1GgUHcgtyFlKMsllMkYdPaJJTxm1uh3Bx1xz8HGxbr8px+lZ2m+KhR3EWHmSds+CxO3F2Lmydv5IJjJlKP0jO03xWtJlBnpGdpviom7cfY+a/tfJYXbk7IMzX9r5IJRJb2ekZ2mrVktzOeztBRx25iyjzX9r5LC7c5Zh5r+18kEgktjOe3aFqyWtvObtC4jsgWfQ7tfJYX5Fs45D2kHZktLec3aFrPtA5w2hcp2SYOSu1Y3ZKi0O2oOi+caRtCwPmGkbVoOybHoO1Y3WCPQdqDdfKNIWF0msLVNiZrVhsjNaDYc/WsEzsx0EeH9VjNmbrVrrO3WgzOKsJQlWkoBKtKEqhQe5f8P2Xr8E9gceNZ3cPCNMMh44HQ+p/3AvXF8obgcvf8vyjZrQTSK/wU+jgJOK8nUMHfsL6vBQEREEY3xMrfRrDJQ0kn/QM0i8DfPU0O66LxVktC0jOCCOo6Nilu+llcT24WcO4llaGu5aSvoXnqF0dRUNcWl3FJIzUcA2nXXH5IOscozAhxeLlMPq36nqp3LBNbHSGrzWmDc2A6uWq0rU5ua60AClAS8E7dKzYBoFGYClQ6p6aA/0QWNdetELeSMOndoqBcYD1vJ/ZXaNpUbsMtZJpNLhE0/ZjGP8AE5+xbptCDqOtKxOtC5rrQsbp0HQdaFgfOtJ06xOmQbb5lhfMtV0yxOlQbD5VnsFvbGHXheJwoReb00JGK5bpVidIg6mVbcyShaKUFKXQ1uwEiuxctz1ic9Y3PQZHPWJzlYXKwuQXFyxlyoXKwlBUlWkqhKtJQVJVpKEq2qCpKoiogFfT29Ll/wCnZLgLjWaz/wDTTcpLowA1x1uYWHpJXzBVembw+XeAt77K40jtjKN0C0R1c3a2+OpqD6FREQfMGVrWHZQtDpXXb00jXOJIHCB7g4V6fes9pYG4sfeGu6fdRb1osjRlHKEbhUfTbQaanSvcO4rSynkaJpJa270Ub/LRBpm1OHN2HxVrrc4cg71py2cDT2n+Kwlg0HtP8UGewWoiJmbFt4/rO4x5dJKzm2O1d/iuX9Fj5g2v8UNmj5g2v8UHSNrdq71abWdS5xs8fMG1/irTZ2cwbX+KDom1HUrDaDqWhwDOYNrvFU4BnMG13ig3HWh2gKwzu0DatXgWcwbXeKpwLOYNrvFBscMdA2q0yHQFWzZKdKHOis8kjWYvcxsr2s0XiMB1rXdZ2g0MdCDQjjAh2jPn1IMpeVbUrHwLOYM1fOzac6pwLOYNrvFBfiqUVvAs5o2u8VTgWc0bXeKC66qFit4FnNG13inBM5o2u8UFSxU4NU4FvNHf4qnBN5o7/FBUxqnB604JvNG0qnBN5o7/ABQOD1q0sVeCbzR3+KpwDdA70GeCCPO99B0gLo7n5gLdYzBXi2uCjhUAuMrABXlWCwWBhIJHcFI9z1kDso5OjAw+mwO6myNef5UH00iIg8D3QtuZayg3/Wa7tRRv/EtfLDV093cdzLk/+pHDJ0/owz8C0csDDqQRS0Z1qFbdqzlaZQUVpRzqAk5hiuDaLa95zlo5AMMNaDulWlR7hHc520pwh5ztpQd8qi4PCHnO2lVvnnO2lB3FRcO+ecdpS+ecdpQTWy5eu2I2F8ZLBahbIpGPET2zBt2jwWuD28uNCCulY92fBMY0Wcm6+GVxMxLn2iKQvdKXFhcXSBxa6pP9F5xfOk7SqXzpO0oPTG7uyHh5sjC5rI2tJeSSWGaocbvGY5szhd5M9Vo5b3WG1WOOyGC5wZgPC8IXXjDE6M8W6KXr1c+FKYqA3zpO0pfOk7Sg7SouNfOk7Sl86TtKDsKi5F86TtKXzpO0oOuqLk3zpO0ql86TtKDrqi5sNoc05yRygrpBBRVCoqtzoOxk0KTbho72WcnN0Svcf2YZXe8BRzJoUx3rWXstQ/Ygmk6OLc/Gg99REQeLb6sAGWIiRg+xxnRi2SUYHkOZcbKkBDRR76UzG67vIr3qTb8TKW+wP58Ejew9p/GuFlIcQdCCG2oGucbPmtN1dPcuhbBiVoOQYJwbrsfNPuUdpipK/MegrgOZj1IMSq0Dlr3K8RrLZrOXuYxoJc9wa0ayaIMFB9ruSg19ykz9yEo86vQ35qg3JSc7+H5q0I1Qa+5CBrUl/slJzx2T4qrNyEhzPHZPioIzQa+5KDWpJNuTezPI2pzC6a+9YHbnHDz/AOH5oODdGtKDX3LuDIBJIEmIz8X5rJFuZc6v6QCmltP6pY4F0a1Sg19ykzdyTzmlaegfNWu3JyDz/wCE+KTwI3Qa+5KDWpCdy7+f/CfFW/2Zfz/4ae9yliPkDX3K1dy37npIojNW81po4UoW40qe7auPdVGNdVgwHQFzmtxXTQUVWDHOiuizoOzk6L7TugUHuxU93mbODlWZ4/w7E8dbpYvAqE5NGC9D3jY62zKD+bDC2v6z5D+AIPZEREHl2/VFx8myaHzM7QjP4SoxbRWIdCm+/PY3Pslmla0kQWprpDzWOY9tTqvFo61CZ8YR0IIhbs5XOculbxiVzXILFyHs47tS660+Dq55+0dHJgg1eD1KYb3OQ+FlktLhxIBdbrkcMadDf5goyYjorqGJPQve8g5AMFghglc7hBG0zOFK8IaEtB0D6vQEEbtnEBJaQOQ3XFtSaCtQMVY+zykADik1BvsIJOoAlSmTIcZc1xkmF0Uuh1Gu5cQshyS3kklFOQcHTvCi8IrFZ3BreEre867E+hHJyYLesljDwS0OFDQ1aWnYelbFr3LF7i8Wy1x4AANMNAdOLTnxUhydk25GG3nPxJvOpeJ10VSUMylk4FwGY0z6tC50eT7znN4NzbppfLg0GozinJ1qWZVtDGzcGWY1xde5ABXCmGfSsPDWe8G8G7Fpd9c8haPxdy0+Oc9Qz+uMTzKNyZDABIc2uNKuwvaK9SNyORdcRxaBxGBqM+BGC7toET3Ftwg3Bxr9TSpAzgiuCxQWRheWh0nFAH94Q0Xs+DaZqDHWpGjqfsLOrh61IGCWobHT9bi16KBG2MA3S5odysrfeOmi2pMnxyvcf0huEM/vZRgGtIOB1jrrpXMfkaEPfI1toaQSwytc13CUOOcEkAimPKCuMsM47hYzxZ5I4QKuljbrcQ33rUkgdSsAE2kgteymgUVxis8zQTJMaNwrca7poKE9NCupk2xCIAtlc5ji0AEtGLiABgAc5AWO7KZpreLTsuTRI10UrQBIy69gFGgkYgf+8i8kyvkx1mnlgeONE67XnNztd1gg9a94EBDqit81c0Cjr1M9FFN9zIF6KDKEbSKAQ2gZiGuP6Nx6HEt/aGhaYzPTl5PGzjDXgt0rFGzjsP2gsq6QV0WdWFZIM6CQ2AcVen7xEWGUZNMsTOy15/GvMbH9Q9C9e3jrE6OwzyuaQLRanPjJ86NrGMqNV5r9iD0ZERBZLGHNLXAOa4EOaQC1wOcEHOFGMobg7NICIy+CvmtIcwdAdiOgFSpEHllt3oC8kttwGow190i57t5WX1+P2DvzF7GiDxo7ycv+YR+wd+Yu87ebsLgy9NaQ5sbWuLHRNa54HGdQsJFSSc/KvR0QedWTelsNnlimbJapHRSNkax7ojGXNNReAjBIBAOdde15Rc1z2/RLQ5rCeOGkMcByg6FLlwd2e5sZSs30Z0roWmRr3EC9eABF0ioqMe5By7DlNsj+DMUkYIqXvcA0UGmuddOkXpG6PrjxUD8hln9aPsI/iTyGWf1o+wj+JBPAIvSN7YI96qBEP8Rvbw96gPkMg9bPsI/iTyFwetn2EfxIJ25sXPYf2xj3rG0xHOQDWn1uTTWqhHkLg9bPsY/iTyF2f1s+xj+JW0pOTGyuD4qDNV+PXjirDdBHGjNc9Hk0Omtc1OnFQjyF2f1s+xj+JPIVB6272MfxK7ik1vtFcWYB3nkg4cXOdqB7ajFlOXjmtCK4Y56071CfIVB6472EfxJ5CoPXHexj+JNybU1vt4uLdB4+AAz0439FW+3i4su5iL1HUHLnz1p1KE+QmD1x3sY/iTyEweuO9jH8SXHhScxMc4NcGYOrjVzg2hpSgOObPh0KtsyW21WeSCZhuSsdG9vnUNRUHTyg9Cx7g9xzckxSxMnfM2R4eAWhjY6ChDQCRjnUoUmbWIp5lHvL2FrXlk1qL3RuawyOhexjz9VxDWNJoQDSqj/kLm/zGL93f+avbUUV4l5Cpf8AMY/3d35q2bJvGkGsmUajQ2z3TtMp9y9kRBBskb11igoZDLaSPNkIbH1tYBUaiSFN4ow1oa0BrWgBrQAGtAzAAZgrkQEREBERAREQEREBERAREQEREBERAREQEREBERAREQEREBERAREQEREBERAREQEREBERAREQEREBERAREQEREBERAREQEREBERAREQEREBERAREQEREBERAREQEREBERAREQEREBERAREQEREBERAREQEREBERAREQEREBERAREQEREBERAREQEREBERAREQEREBERAREQEREH//2Q==', 'Imprimante Canon', 55000, '', '', '', '', ''),
(54, 4, 3, 1, 'data:image/jpeg;base64,/9j/4AAQSkZJRgABAQAAAQABAAD/2wCEAAkGBxMTEhUSEhIVFhUWFxUWFxcXGRUXEBUWFRUWFhUXFhYaHSggGB0lGxcXITIhJSkrLi4uGB8zODMtNygtLisBCgoKDg0OGxAQGzAlICUtLy0tLS0tLS0tLS0tLS0tLSstLS0rLS0tLS0tMi0tLS0tLS0tLy0tLS0tLS0rLS0rK//AABEIAOEA4QMBIgACEQEDEQH/xAAcAAEAAQUBAQAAAAAAAAAAAAAABgIDBAUHAQj/xABPEAABAwEDBQsFDQcDAwUAAAABAAIDEQQSIQUTMUFRBgciUmFxgZGSodEUFzJU0hUjM0JVc3SxsrPB4fAINDVTYpPiJGXxJXKiFkRjgqP/xAAZAQEAAwEBAAAAAAAAAAAAAAAAAQIDBAX/xAAtEQEAAgECBgECBQUBAAAAAAAAAQIRAxIEEyExQWFRIqEUMoGR8CRCUrHhI//aAAwDAQACEQMRAD8A7iiIgIiICIiAiIgIiICIiAiIgIiICIiAiIgIiICIiAiIgIiICIiAiIgIiICIiAiIgIiICIiAiIgIiICIiAiIgIiICIiAiIgIiICIiAiIgs2u0tjjfI80YxrnuOxrQST1BcE3Q77Ftlmc6yvzEIwY26xzyOM8uB4R2DAaMdJ7Vuv/AHC1/R5/unL5jsbRdxAdgRjqJ1hU1L7Iyvp03ThIPOVlT1o9iL2V55ysqetHsReytBmiK4EnWenT+CutGg1Aw/ICi554r02/D+2685WVPWz2I/ZXo3ysp+tO7MfsrRiahxx/WhVGbAga+QV01FDqT8T6J0PbcnfJyn607sx+yvPORlP1t3Zj9lR9ta1Ar14cuCybPB36eVT+J9I5Htt/ORlP1t3Zj9lPOPlP1p3ZZ7Kw2Qfks6CyE0GNAoniseExw/tR5x8p+tO7LPZTzjZT9ad2WeytrZMiuccB3KS5O3Hvd8U9Kynj4jwvHCTjMygx3xcp+tu7LfZTziZU9af2W+yuwZP3Hsb6RC3dnyPCzUCpjjLT2p98M7aVI/u+zgnnDyp60/st8E84WVPWpOy32V9DszbdF3uV1srdS1rxP+WI/X/jKaPnPzg5U9ak7LfZTzg5U9Zk7LfZX0dngqhItI16fKu2Xzf5wcqesydlvsqnzgZU9ak7LfZX0mHIXq06tY8mHzZ/6/yp61L2W+ynnAyp63L2W+yvpKoVLmNOoKk6vxj904fODN8LKgIItUmBri1haaaiLuIXcNwO61uUbPnQ25Iw3JWY3Q+gNWnW0g1GzEalunWNpXNt4L4G1/PN+wr0tNu8ImI8OqoiLRAiIgIiINPux/cLX9Gn+6cvmOxnCi+nN2X7hbPo0/3Tl8yWfFgHPz9JWHEfkbaH5mUDgcaVFCBr0YHkw+pWHSDRyr1rC4KptmpqXD0di2yLH9dNVdc0/wDCyYoP13LPsuTi6indEK4mWss9nqVtLNk4nUpLkncy99DSg2n9YqX2HIsEIq6hPL4LG2p8NIrEd0OyXuWe/Q007utTHJ25ONgBkI5h4raWO2te8RMoCQ4DZUNJHeo3aN0LjhQ3tY1AjSDzHBRyr2jMonUx0jok7MxF6LRXrVubLd3R+upROTKLzrVs2zlqtK6EQzm0T3SC1ZffSurkH4LAduge40pTrP4rUS24nCledW2z41cAKbdBPItYpEK5+EmsdpcfTJps/wCVso8qACg/JQZ2U2jDE9yzLZM9sEMlKZwyF2PosBa2OuwuIfTm5FHLytviOiXe6+NK4q+3Kg2rnLbY7S0159iyospGmjpCzmi0THmHRG5UpyjuVUuUQdBUDblR3o5yjdYxpis2G2ilSa0wrUfVpURVG2vdKPdDlVPunyqLOtdNCp8tW1aqzhMWZT5celQneC+AtfzzfsBZDbfyqxvA/AWr55v3YXZoubUdUREWzIREQEREGm3Z/wAPtn0af7py+a8n2YloPP8AWV9KbtD/ANPtn0af7py4VuVsl6EEcZ3PpXLxdtum6OGjN1MWTrtMQagHA106uRePsZroUohyZ3rMiyU1vCevK5kzLvmIhoclZDL9WHcpTY7DFF/U7uCsutdBRuDe8rWWrKzRgD1aVtWk2Z2thJJMp0wC1VpynXWo9NlMlau05SNaA/l+a3rpRDG2o6ZuAnbPNMxw9FrHNOuofWo5iB18qxN3uRHQTG0MHvUpq6mhkp015HHGu0naFH97i1jy5jb5a5zXBrtV7B11w1tIDhz0piu12iBr2lj2hzXAgtIq0g6iNa7K1iaYc9rTFsuGtnqQ0HEkAc5NAqXucHFpqC0kEawQaEHlqphuq3BxQxTWmCR7RGx8mbPCHBFSGurUYDXVZ27HIcUtmNvBuPbDnXkCrZAGXqEcamAd11wplOnbqvF46IE+e6KqzO9wpewvNDxXSWuJAPMaFSje/wBz8VrvSyuvNjcBm6YONA4Fx4vJrosw7lxb7fbZHSFjIpIoQGtBJDYIyQCcG0J2HSs66dprlebxE4RXIOTX2qZsTBhpe/UxmtxP1DWVJN1jRLAZohds0Bhihcf/AHD77Yy9u2NjXPDT8YueRhQmbWXczZ2R5lrTmj6ba/Cn/wCU6Xj+nRpBBGCiW+7KGx2eMHhF5LWjBrGMaQ99NZq5rRsBNFts2UnLPfutGEPBa30nVOxeumpqujrPQ0LS5+76J6fjFUi0vcKCtOrvXHDpbl9uAw1/+X5LKsM+kEUrt0krQ2cUIoanWdnMtjZgAak1PWp6IbW/sKozp0VVlzgqHPxwVqyiV58pGNa/mtzvBD/T2r55v3YWha/Ut/vB/u9p+eb9gLr0Zzlz6vh1NERbsRERAREQaLd0f+m236NP905cu3ubHesjXf1v+tdP3wP4Zbvos/3Tlzve2lpYG7b8n2lx8dGdP9XRw04ukT2tYFpsoz4EuOA1LLt9pDRU6VC8rZSvHE8EauMfBcWjpZdF74U5Ryo9xIbwWjWfwC1Dp6nA851q1NOXHFWg4DnXZEYhh1lkTz8uhYUklKU1079NeoKqYnVTu59Y5lYeP6cKmlNJ4IphqHgmU4bWxzuY4PaS1zHBzTrBaah3Wujbot8R8lkg8mdm5pHOExABdGIw2obXAXi4Udsrr0cqdaCAa7RXpAPVpWVY5HACW4HMa4VDq3HUNbpxBI202qvMmq2yJdRtu6uZmS4M+3OOtWeic52DjDceA+gwLsW8451tt0N4ZB5fJrODzHNB3cSozuoy7BlOwNMIzdos5zhgNKmMNLZM1xmgG9hjRmhdGybJDbbEzAOimiuubsBbde3DQQajoXRWc5jPhhbp1x5Q7edca2oaveT0++D8Ar25jLjmZRtNjuD320WmQuJNbwa0xgcl1hrzhbje2ydHFYw5gxe+UuJNSbkr429TWjv2qJZNyvZ25StmU5XhsDHGKIjF00ojZG7NNGLzRrjhqcDoVYia1rHtMzFrTKzuM3cWltoLLfNVrhJnLwaBC9gc4hoAqAC0tu46temN7psuutlofaHAtaeBE06WRNJpUcYklx56alRujy2212h9oETYg6gDRjI6mh0mNC4imjRQCp0rUmULlvqzP05zDppSI+rC9G3HHqWW20kVDdlDsodS15n1g05tKpExGCyadmxjdhiVfbKOZaOW2u0Ajk/WpXmSEYlWhXLeiXDSqc5RaptoJ10V2OUaAVKGwLnV/VVK94D93tXzzfuwoVDJdNdWzkU13gP3e1fPN+7C6+Gnu5tbw6qiIupgIiICIiCP74P8Mtv0af7ty5VuGtoZYmj+uSvWuqb4X8Mtv0ab7srhO561UhuVwDnE7duhYcTXNGujP1JBlXKF8mhwHfyBR+di2Tpmawaa9S1Fstgx5DzaK6On6lyVn4dG35Y07qfisGWShpjoOOrHABUWq1acRiPr/XetbNaP1qB5FrFZlVtPKaYnb4159C8FoB6ubTh49a0brUR+tio8pKty5MttaLVU4fooy0YrBs8wY5j3svtaWucwkgSNaauYSMQDQioXX7RubsDrXbIG2NjG2eTJDG0fKb3lc8ZmJq7CrJLnRXSpjSyrN8Oa+WUoQaHAg6+SilW4jd7LYXFoAkhcQXxk3aHAXmH4rtuBB5KVWVu1yFZbPYL8UELXutVtjvukeJ2thtz44xFESRILjbrjqFDpXrNzcAyU2RtlkfM+yutBna7hRy5yjGuaXBubIBGAJw24pGlNZ6Sb4mOrzKW+DKLGLFAM203zJIDWRzZpHvuMpgzB4BNSdIFNKh8tsAoA6oAw00GOIA1cy63JuWsDLdAw2cZrM2wyNq81ksroeGKmoNHnRgrNt3FWOONjHQNMjIbWZDV2MkcTJIzg6mF8JbStaepGpWsdHJvdHnXrraa6Dq0imkLrto3vLEJLPSKjZrRAOC99WgWSWR8enAF0bXHXwzQhQLdfZoM9A4wSWbP2dkpa599pfiBmnEuddIp6VK00CqpbQ2xleurunCPC2qryyqx32SQPuXKEYHQR1k019CpYHMdqqDtYR+IWeyPC+ZZDp9dDTq0qpttVq3SsNLrXBwreqag7Kd6sMpXHBNvQlsW2zHTyLJgtYGkrTtV1RI37LUDrXRt4D4C1fPM+7C5BHNRpaKcLA4A4AgihOjHYuvfs/wDwFq+dZ92F0cN5Ya/h1ZERdTnEREBERBHd8T+F236PN9gr5xseULjLtdZw56L6O3xf4Xbfo8v2Svl/N6TXDpWWtGatdH8zPfby44npWPLKXAu1V06sRXAcwVl7hhhoFNeNBpx2qlhJ/X6/QXPEYdS292Oj9eCxpCs+azOaA5zSBqJFAdGjr71hSMWlZVmGIVXHtVdyq8katMqTDx7q4Kc5P3w522q0Wt0MDvKPJy+Nwfm62UNzLmY3qgsB06TyYQhgpqrUc9MRoWU2ppU40pzDUozjsjES3m6TdI+1tia8NAhdapOCCC59qlzslTUggOx0DCq2OTd3FqZZWwZuEtYBEJHNOedFnM6Yq3rt3g0LqVoRrNVGGEuPBBNBoAqca4Gm38ehZGWsrDNNssTAxrTekIxLnjVXYD+sFTNomIhbbXHVI7ZvqWuW9nGROJFoaDwxcbaGhpaOFiG0wVl2+bajevRwkuE4JN+vv8bI3fG1BgooOCvVpmVNsJy7fPtl4PDIQWzRTtFHEB0dn8nLaF3ouZp110UWh3R7oX2x8bnxxxtijbDFHECI2MaSaCpJOJ2rSKXb3VjslotUdktNndIZnkCRszo82AxzqXA3hYt01GlRmZ6JxEdUYBVbVurJkytvfBHZpLS1ks7RCxzmvc1jnNbWQAltMCTTVyqXz7kYvI7ZNNk6awugivxOfaDI2R9TwLrmjYBtxVNuUzaHO2hXGhTnL+TLBYpLPA6xyTukggldIbS+LhSlwIDGsIwu7da2M+4OLP5Vs8LJJH2aOzuszb3DvTMLnA8fZjsVZ05TFoc4aqwppkrcNK2zW6a2WaWMw2d0kJJugyNDia0OOgYFa/JG42W0kNhtFke4svlgldfa0AEl4ucGlQDyrKdOy8WhHgF2P9n/AOAtXzrPu1yCSOji2oNCRVpq00NKtOsHUV179n/4C1fOR/YW/D+WOv4dXREXS5xERAREQRzfG/hds+Yk+pfLrn0rRfUO+R/C7Z8y/wCpfMjabPrVb1zC+naKzmV+y2J0nAYa1F84OIF0FxBNNXUsbPMDtoB0asOYhXrRMXmr8SdOkV56FWbjeKO/xWMaNvLfn1VZTyhnXAtaWNDQ0AuLiaayT9QwCw72FDo7/wBeKyrjeKO/xXt0cUd/ipjSmOyJ1oliOeNFMKcmlUCYVqRhyLNMbeKO/wAV4Ym8Ud/irbJV5sMaC0xg8Nj3CmgODSSBtocKqmS2uo0BraYkCt47DXHA4bBqWSYGcQf+XiqmRtGgU0HAuGI0a1bYcyGutFoeSXF12rq3QSKHbTpKx6rbus7DUloJ1kl1T3rOs+52R4BbCKEVFXtbh/8AZ4op2o5kI4HKsKRxbmZXSGJsAvta1xF9go11LpvF90g1GvWrGUMkOgcGSxNa4itA9r8MRpY8jVtUTU5kNM1b7cXlVlkt1ntMgcWROLnBgBeQWObgCQNJ2rCETeKO/wAV7cbxR3+Krsk5kJLuR3TQ2e32m1StlMczbS0BgaZBn5A5pILgMAMcVrrTZMmiN2althkum4HwwNjLqYXi2UkDlAK1gaOKO/xXoI2Dv8U2WN8JplrLuT7Y+CaY2yOSKGGJzWRwPjJiLjUOdIDQlx1K/lLdrDM/Kr83IPLY4GRAhpu5lpaTJwsK6cKqC3uQd/ivQ/kHf4qJpfwmL1b/AHMZajs8Fuje1xdabOYWXQLodwsX1IoMdVVumZasDbGLJC+1Q36G0vbDC6Sd1PRLzMKRjGjac+k1g2c5B3r0THYO9VjTtCeZVlSBocbpJbU3SQA4trgSASAaaqlda/Z/+BtXzkf2CuOZ47Auxfs//BWv5yL7Dlpp02qal4s6yiItGQiIgIiII1vlfwu2fMu/BfMi+mN86QDJdrqQKx3Rzuc0AdJK+aHYaUHiqDSvGuG0KsSDaOtB5mymaK3W5zIclskuROjaBS+972tjYDt1k8gBP1qaDeq/3GzdX+aDmWaKZo7F03zU/wC42bq/zXvmq/3GzdX+aDmGaKZorp3mpPyjZur/ADXvmoPyjZ+z/mg5iGkGtK/V0rPsuWJ4zVpxqXVxrU0roIwwGCn/AJqD8o2fs/5p5pz8o2fs/wCaCH2fddamOLw2K+4Na5+bo9zWkFrSQRgCBopoCwMu5Ymtcglmu3g0MF0EC6CSK1JJNXHElT/zTn5Rs/Z/zTzTn5Rs/ZPtoOYZspmyun+ac/KNn7J9tPNM75Rs/ZPtoOYXCvLhXT/NM75Rs/ZPtrw70rvlGz9k+2g5jdK8ouneaN3yjZ+yfbUe3V7hJrEzOiWKeIek6MgOZ/3MJrTlFeWiCIovDINoXheNoQVrsv7P/wAHa/8Avi+y9cYY/Yuyfs/SC7bG1Fb0JproRIK9YQddREQEREBWLdbGQxullcGMYKucdAC9tdpZGx0kjg1jQXOcTRoA0krg27zdi7KEojDnR2RpwA+Ekp8dw1E6hqHKcAs7tN2T8ozFo4FlYSGsLrpedF9209YGjaTHzkuMCpDebOeJC2DrVY2CgEtAKYtAPc5YjssWepAzl3ChpwwdlL1KLK1rT2d+lTSrH1TErTMmRkVuMIGnhvoOc3qdVVXFkiJxIMbQaVAvvNeonThr1ryXKMNKx5y9oqWgYc94lXXZTgIN507iaYkNOjQfT0qszdpWvDecfutsyVBWpiZgfSzsla8UAOrswpVXnWeNpoYWnZ75IMNF709qsQ5Vipw3zChNA0AtA21vg12q3JlVgNInSBpBrgAcdQaH0p0pm60xwuPDMdBEAHZtt0685INuGLhXQcRgqmtiNQIW3hjdzshNNtb1Fg+XQ1rnpa7c0K8mOdVRyjCcXSyE7TEK8/w2lTmzP/wme0fZnNfZ8KwtFcL2dlIrqwDiqSIgSHWdtQRUZ2TAU18P8Fi+6cNKZ6Wg0DNYD/8Ab61TFlWED0pgdBDWNu8w98w6EzZOOH9M6kHpZltw1ukSy4nZwnDQvLsJ0QNq0cMZ2XAcb0qaOVYPulAMQ+YHbcFcNFffcelH5UhOJklJ2mMVrt+FwPMmbI/p/hn/AOn/AJQx9GsstXY6KAkaeVVHyYUvQjDB4z0gp1OJ7lq4cqREuD3yXB6NG1NCOFUZ0U6z0Kp+VoW3c2+WlaPF2nB5PfDXmw50+pbHD+mzeLPSuZAB9H3590iuOJcD3KhghIJzTSG+kRK/CurE06arEbleztqWyWgOONbgFSNFfflZjyxEQDI6Uv10aCAdoOcGnmUZunbw/pmxuhdgI2knADOv69JHQSqawF1CwNHLI+uGrguP1LCdleMuLS+Ux0FOCK11i7fpTp1KtmVoBodP2RT71TmymND0yJGRD4jf7rvaWLJZbPIcYxUCvwri2ms1vYfmvX5WhPxpukcHppIfqSeRgAe2aMubjQOdUjWBhrHMmbYRFdLd2jC27J0ANLja0r8I4gjXrwoMV57nw1u3BU+jR5oeTQsh08bmgiVocMW1eQ4bK8HAheG2RvZi8DkvkEHkB1axpUZs25eh6/n8/wBMY5NiriKV9Eh5IPJo+pbHczlp1gnE1mNdUjDe98YNLSKDRiduzRQ4rcpwkXZHyXq43QHMPKCXhXYTG4k3pRqBuE12E0eKHRtVq2t5ZaunozGKzGX0fucy7DbIGzwuq06RheY6mLXcv14EaVtF857mcvyZOnEsJL4nYSxuFwO5QKkA6SNh5CQu/wCRsqxWmFs8LrzHjDaDra4aiDgQtXnzGGaiIiHAd8Pdw+2yus8VW2eJ5bQ1Ble0kX38lQaDpOOiJMjGtw6Krp+6neefJLJLY7S1ge4vzUrXFocak0kBJAqT8U0rrUAy7ve5UsrS98GcYNL4CJABtLKB9OW6g10kbOfpWO6PYFhCKf8Aly/23eygjm/lyf23eygyixUmM7Fjlk3Ek/tu9leUn4kn9t3soLxiOxUmF2xW/f8AiSdh3glZ+JJ2HeCCo2d2wp5M/ilUVm4knYd4Ly9NxZOw72UFzyZ/FPcvfJH8U9ytXpuK/sHwS9NxX9g+CC55HJxD3J5DJxD3K1fm4r+wfBM5Nsf2D4ILvkEnEPd4p7nycQ93irV+XY/sHwXl+XY/sHwQXvc+XiHu8U9zpeIe7xVi9Lsd2T4Lwul4ruwfBBk+5sv8s9y9GTZf5bliF0nFd2T4JV/Fd2T4IMv3Nl/luT3Nl/lu6lh3n8V3ZPgl5+x3ZPggzfc6X+W7qT3Pk/lu6isK+/Yez+SpMjuXq/JBntsrvjNPSFnWaNo13elaHPH9BUmflQSZwGqRp5yt7uL3YvydNUm9A8jOsBB5L7Njx3jA6iIzkDcpbraL1msz3s0XzdZF0PeQHdFVOsjby1tcf9RaIYmmlQy9JJSuNKta0HpKDpnnIyb60OzJ7K8WL5rMn8WT+4V6gmyIiAiIgIiICIiAiIgIiICIiAiIgIiICIiAiIgUXlF6iDy6NipMY2DqCrRB4AvURAREQEREBERAREQEREBERAREQEREBERAREQEREBERAREQEREBERAREQEREBERAREQEREBERAREQEREBERAREQEREBERAREQEREBERAREQf/Z', 'Gamer Asus', 550000, 'Intel Core i7 duo E7500', '16Go DDR3 1066Mhz', '250Go SATAA', 'Linux', 'Ecran plat TFT 17 pouces'),
(55, 1, 4, 1, 'data:image/jpeg;base64,/9j/4AAQSkZJRgABAQAAAQABAAD/2wCEAAkGBxITEhUSEhIVFRUVFRUVFRcVFhYVFRcVFRgYFxUVFhUaHiggGBolGxUWITEhJSkrLi4vFx8zODMsNygtLi0BCgoKDg0OGxAQGysfHSYtLy0wLS8tLi8yNS01LzcrLTAtLSsvNy0vLS0vLSstLzcrLS0tLS0rLS0tLS0tLS0uL//AABEIAOEA4QMBIgACEQEDEQH/xAAcAAABBAMBAAAAAAAAAAAAAAAAAgUGBwEDBAj/xABQEAABAwEDBAkPCwMDBAMBAAABAAIDEQQSIQUGMUEHEyJRYXGRstEXIzIzNFNUcnN0gZKTsdIIFBYkQlKhorPB8GKCwoPD4RVjZKNDRPE1/8QAGgEBAQADAQEAAAAAAAAAAAAAAAECBAUDBv/EADQRAAIBAgIGCAYCAwEAAAAAAAABAgMRBCEFEhMxUXEUMjNBYYGhwQYVIjRykbHhQlLwJP/aAAwDAQACEQMRAD8AvFCEIAQhCAEIQgBCEIAQhCAEIQgBCEIAQhCAEIQgBCEIAQhCAEIQgBCEIAQhCAEIQgIznRnzZbBI2K0bZeey+LjbwpUjf01CZuq9k3fm9kelQrZ8P1yz+b/7jlHrJmtG5jHmR9XNa40DaVIBwwXnUqwppOR74fDVK7apq9i2BsuZM+9N7JyUNlrJn35fYvVV/RKPvr+RvQsjNOPvr+RvQvLptHibXyrFcPVFqjZXyZ9+X2T0sbKeTfvyeyf0KqRmtH3x/I3oSxm0zvjuRqdNo8R8pxXBftFqdVHJvfJPZP6Fnqo5N75J7KToVVjNxnfHcgUxyLsWwTQsldaJgXipAEdNJGscC9KdenUdos8MRgq1CKlNWJJ1UMm99k9lJ0LHVQyb32T2UnQmnqP2bwmfkj+FHUes3hM/JH8K9sjUzHcbKGTe+yeyk6EdVDJnfX+yk6E0dR6zeEz8kfwo6jtm8Jn5I/hTIZjx1Tsmd+f7KToWeqdkzvzvZSfCmbqPWbwmfkj+FRzLeYEMMpjbNIQADUhlceILzq1YU1rSMZS1Vdk86p2TO/O9lL8Kx1T8l9/d7KT4VWv0Oj76/kb0JJzLi77J+XoWv06hx9Dz28SzOqhkvv7vZSfCsdVHJff3eyk+FVn9Cou+ycjehJ+hEXfZPy9CdOocRt4FmnZTyX393spPhSTsqZL78/2UnQq0+g8PfZPy9CjWdWR22ZwYxznXmF26pWtSKYcS9KWKpVJasXmZRqxk7I9RseCARoIBHpSqqJTZ/wCTYWNDrU17g1oLYQ6Z1aDA7WCB6Uw23ZZaaiy2KWQ6jK5sTeOjb7uUBe56ll1RVUx1TMqtlD32WzuhJAuC+01OgbbeNDXWW0OjCq64NmWR2mwMBBukfOwCCNNb0QogLcqiqrV2ywxtL9nYK/ctcMlOA0pitsGy7YyQHQzNJ3nWd49NJcNKAsWqKqDjZWyZiHSStLdIMMjtIqMWAj8U95qZ1WbKDHyWcvox1xwe0scDSow3iEA+rKwhClF7P/ddn83P6jljJnaYvJs5oR8oHuuz+bn9RyzkztMXk2c0LQ0h1Yna0H158kdCE4ZvwNfaYmPAc1zqEHQRQqzRkuBjTchjabpxDG10b9Fp0MM6qvex0sZpCOGkotXbKmihc7sWud4oJ9yXaLJJHTbGOZerS8C2tNNK8YVxxjBQnZI0wf6v+C9auDVOm5Xua2G0pKvWVPVsn4+BC1auaXckPinnFVUrVzS7kh8U+8pgOu+Q012UefsPCEIqusfNghYqs1QAoDnf3S7xW+5T5QHO/ul3it9y0dIdl5nhiOoMyE7yyECpjaLoBNHtBoQQ0gUOOPDoWNscdztTSSCaXm1ADdGA3OkGhxNSNa5WxXH0NXUGlCd3PfUERChBf2TSS0Fj8aDTSgp/WPTlpdrhbovC85gwLXOF000AVwx0H0Nj4+hdQZ1AtkM9ej8n/kVZtvJ2ttYw2rq1Dga1aPsjl9KrDZE7dH5L/IrZwMdWul4GdJWmPsOTo2gUYPTj71v2rUutke5HEPctczMDxLuG8EETXRTg0I2qU4EEVY1xBqNYLfwUWdG0TS1a09rOI1kGvuUqyU3rNo8lavdIora3dfl4o/cUILus71H6qw6JhFBBETw3mimO9XGq1Ndp4/2C22Z+6PF+6A4rUIWNL32YUbpuSke9qsjYEYdqtTi4m++N4rqweKcoKrzKrq2ab+7nKyNggfV5f9P3yqMFooQhQpRfyge67P5uee5GTe0xeTZzQsfKC7rs/m557lnJnaYvJs5oWhpDqxO1oTrz5IfM2RW1wj+vi1FWhPZ23XadB+07e41T0T3NIc0kEYggkEcII0JyizhtYwE7zwGjveCtbDYiNOLjJG7j8DPETU4NKyLRbZ28PrO6VC9kWMAwUr/8mkk/c31wQZ6Wpuna3cbac0hceXsuutVy8wNLL3Ykmt6mo+Kvaviac6bS3mrg9H16NeM5blfv8BoVoZu9wR+Td/kqwIVo5rMvWKJp1scOUuCwwHaPke2m+xjz9io7BbrY2zG1ttsoLJWx3HSPdevNvXgHEh3ERvrsypntLatzM98UTWgmOz4OkeKYOkPYitToNN4nFTKDYusTSCXzvA+y5zACN4lrAeQp0zhzJstqaNztT2gNa+MAG6MA1zdDhQUG8vpniKLlu87bj4eOGrqO/wAr7yFZUzvmFlks73jbnBhZtDnOdAxrm1Es97dONKYVNSanGicbZlJ//QmPEz9t3FXCQ7ZjNQ1dW9owUmZmZZW2V9lY1zGyXb72kba664OBLiDrGilN4BNsGxrZWMkYJZ6ShrXEmOoDXteKbjfaF5qrRy7rO56ulWz77q28eczbVfsVnJffftTS4l151aaXa68ajud/dJ8VvuT5mxmhDYXPfE+RxkABvlp7Ek4XWjfTHnf3SfFb7lx9KNajcd1z0nrbJKW80vsloebpaN1E1/2QNrHYuJ1LqyhtkTGOa8jAGhu3iDdN6o09i3k40623dQmNmEps0TuF0ba1aPx9ZIZE0braw4CGDAQiV1SHYgVwGC1NgldJvPvLqcBgjtE93bG9iHNZUXcDQEMA003Iw0LZHBaXG4WltATuxcaBcunEjAXVICxrS5rWNDXWmHAt0Vja40H2Th+K48lxymK1XxJV4cGNcHYkh5IAPoWOwzSbb3+hNn4saMoQyiMF7mOYHBoLHNdQ3dBpwBVfsi9uj8l/k5WpNZ3sslHtLa2gEVFK9bI94VVbIw69H5I/g49KuEVsQuRKa+tE5jZuRxD3JEkVcCu+KHcN8Ue5IfEuybhz2dlI5xT/AOvP+m5QXKB+sS8UfNKsBooyfzef9NyrvKh+sy8UfNQCQdP81BLifuvQucHT/NQWYzj6EAZQf9XlHje8q0tgsfVpP9P3yqprW/rMg8b3lWzsF9zS/wCn75VGCzkIQsSlFfKC7rs/m5/Uct2QpbrIHagyOo3xdF4ekVC0fKDP1uz+bn9RyzkztMXk2c0LR0g7RjzOzoVJymnwRIXZQiwFHUFWaNMbA4RV4SXmvihIitkQxuhrqOrRgxB2wNDfumhZjwcGLUhc7as7XRYWtd/sdRabODiy8KuI3N2gwDGOxxoL5J14JItcbXRuZVt1+NBQlgOlx03iNVafu2ITaPwL0aPF/s7LdaQ4NAJNCTiKXQWsF0cG5P4KyM0e5IfFPOKqtWrml3JD4p5xW3gXeo2+BzNLwUKEYriPCEIXVPnQQhCAFAc7+6T4rfcp6oHnd3SfFb7lo6Q7LzPDEdQ4pcoVawBl1zai/edeI3sKYcC0ttbwagkGlKhz60GgVvaOBaELjucmamszcbS46a4mp3T9O/p08KV89fhunYYjdvwO+N1gudCmsyXZtmtD39k5x3gSSBxAqvNkntsXk3c5T5V9sknr0Y/7R5x6FuYBt11c9aHXLUs8e4b4rfcFh8K7bLF1tnit9wSzCu6bwxzsoJx/40/6blWOWHUtMvFHzVamUm027zWb9N6qfLrvrU39nNQGkP0/zUFlsmK52u0/zUFgvx5P3UBm0P62/wDu95Vw7Bnc0nFF75VS079w7+73lXRsFH6tLxx/5owWehCFiUoj5Qfddn83P6jlK8iwt+bwbkdpi1D7jVE/lDd12fzc/qOUwyIPq0HkYuY1cXTjtThzZ0NH9aR07Qz7reQI2hn3W8gS0L5vWZ1bsRtDPut5AjaGfdbyBLQmsxdiNoZ91vIEwW+1SNkc1sj2gHANc4AYDQAcFIlF8p9tfx/sF9R8KZ4md/8AX3R858Syaw8c/wDL2Yn59L32T13dKPn0vfZPXd0rQhfe6seB8Vry4m/59L32T13dKPn0vfZPXd0rLbBMRURSEb4Y7oXORTAqJQe6xW5rfc3/AD6Xvsnru6Vw2y0PLql7iaDS4kreuO1dlyLTx8Y7Ld3m/oxt1s+AnbXfePKUba77x5SkIXF1VwPoLIXtrvvHlKNtd948pSEJqrgLIXtrvvHlKieeTiZGVJPWzpx1lSlRXPI7tniO96qSQSL9scfW2eI3mhbRGl2FnWo/EZzQt4YsjIimcAoZvNJ/03qnsuO+sy/2c0K486RR0vmk/MeqYy+frMv9nMCMHNfSHyYhJrx8iTSpGNPQVCmu0v3Lhx/urt2A31s0/A9g/BypSWGoIvDHfDldGwAKWe0D/uR80n90IWshCFiUob5Q5+t2fzc/qOUyyP3PD5KPmBQz5Q/dln82P6jlM8j9zw+Sj5gXE051Ic2b+j+tIeMnWUPDyQ5xaG0DSATU00kJYsbNte2pLGAlxFK8Vd+potNjDyHtYBQ3akmlKHc0JOmq3Otst5zQLr3FocWg3iW4fiuXT2Wzg5R9N+/L+DZnr68rP13bjZZ8nNMkjHEgNpdI/qIDSeULX8xAhc91b4OjVS9dx9Icl2qSYdkG1cGsJBBdUGorQ9ki3Pmo8vaKOuB1CDdumoFAcKk699ezjRUX9DyT7uN7X5ZGKlUbX1Lu7+G/9jYoxlTtr+P9gpOoxlTtr+P9gun8J/cz/H3Ryvib7eH5ezOQlSGx5LGIEjmOa8xuc0AuvB0LMMRdbelOjGg16m2TI8tAQ0PrdFGG84F7b7Q5o0Vbiu6GJ0t3bbJI9zjcEjHGIuLajdXmlpduTU4aDVfa1ZqS+l5eXufJ0Yaress/P2OiPITCWPdI6lYb1QTUuDC/dg7kEucAd9pGpN2WXYRXqbZR1cbxuYbXfdUku7I46A5oXQ8MjpcsVXEVBlc+QaA4gsDWgkA46U32iwTNq58TmCpJLm3BXTQVoN/ALGl1k5Plu9j0rNarjGPPf7o5FuyNk9totTIXlwa4OqW0vbljnClQRpatKzYMoGz2hswaHFgOBNAbzS3SONY4/svM9NF9t5DlZMh2eYRSQvl2szshlbJcD239DmuaKEehLgyBFtUkl2aZzJZWOZE9gdGxhIa9zSCXVpXBcbMvOBiZDAyNjJWyiNl9xfIMBecSXO3gP+F0vyjLZJL77LGyd1+RryXXmtmLtLA6hpiADiKBcY+hMwZGszTZ4ZnTbbaGRuDmXdrj200jBBFXY6cVqtOQ2RizBxJdJaJYZaHCkcwjq3ewqnWxPtETIpZ7NDK2AUZIZY9sDGit1tHEOcBoFKrW42yBjnus7JGMkM7duuvmhLzevOaxwIxxxGnHBAYhzciuzuEckpjtUkIaJmRUja2ocS4YnpVRZ49m3yZ95ViQZfeGPZJFFMHymZ22tceuOFCRdcANfKq7z0PXG+TPvKIHovJ7AIo6V7Ww4kn7I31vXNY5etxChxjZqw7EaSt19ZAi2d53Unmc/MkVK5elItUrm6QWEa9DW6tauXPF+6k80n5j1S+X5aWmUjfbow+yFGU4hM/AU00rh++pbg8jEaRowr+GtaBbDw+slfOSNBNeB2KgNzndkNVCdAqaEAY6tJ0byuLYB7RafKx8xUr87Jwo6h4cFdHyfu0WrysfMUBbCEIUKUL8ofuyz+bH9RymWRT9Xg8jFzGqGfKG7sg82/3HqZ5F7ng8jFzGriac7OHNm/o/rSHrJsrQH1LQTdpfqWEA1NeHeWY7Sxtov1JbeOOvEEV/FcCFxFiZKMYpL6Xc33RTbfEdY5Io7pqxzmvBq0G8W0NS6uvFa3uYxstHh+2YACu/WrqjApuQs3jHayilw/VjFYdcX/2YKL5U7a/j/YKUKMZU7a/j/YLu/Cf3U/x90cP4m+2j+Xsx5jtU14OL4zGImtuOfuQLjW4NP2tyDWmtYlyhI1xkO1OoGuoXm8Q2Vz9G/WWmnVxqOoX2vRlf+j5TpUrZfyPVkywTcjDGgAXGkuO5BYI3E7+5aF02hjpGuaZIQHUNQ4nDbJZcKga5SPQo4hZPDq945EWJla0szbaYQxxbeDiMCR2NeA6x6Am61dlyLsXHauy5F447svM2dGdu+TNbXEEEGhGIIwII0EFO2cdqZJ83LXBxbZYWP1kPbevA8OKaELjH0I+Q5QjbZYG1Dnx2vbSz+kAa9GJFE5y26zRy2m1NtAk2+ORrIrrg+9LTCSooGtp6acsQQgBRHPPtjPJn3lS5RHPLtjPJ/uUBfVhtTtrjrdpcZqNexGuq6TaExWOfrbPEbzQt3zhUo2Z3yVMnmk/Meqbzj7pl/t3vuDfVr5zS12zzWfmPVS5xO+sy+jmBRg4HgVwoNOsfuEogUFOCtSNNdS68j2MTztjdII21LpHk9gxuLnUOunvU9zuzRsDLPfsczzIwXqOlbIJAAXEUoKOo0kUww0b0BXDmiurA7433b44B/Kq7fk+HrFq8qzmKkC/Qd+nvdwK7vk9dz2ryzOYgLaQhChShPlDd2webf7j135Mz6sDIYmOmIc2NjXDa5DQtaAcQ3HEKW7IexycpTxzfONquRCOl29XdOdXT/UosNgn/AM3/ANf/ACtfFYSniYpTvlwPWjWlSbcTb9P8nd/PspfhWfp/k/v59nL8KQNgoeGn2Y6UobBbfDHezC0vkuG4v9/0e/T6ngZ+n2T+/n2cvwrP09yf38+zk+FA2C2a7Y/1GpXUMj8Mf6jU+S4bi/3/AEOn1eCEjPzJ/fz7OT4UyW7OiyOkc4S4E4bl41cSfhsGx+GSeozoSuodF4ZJ6jFv6PwtPA1HOlm2rZmljv8A2QUKm5O+RGPpJZe+/ld0IGcll77+V3QpP1DovDJPUYoLkjNKCeaOEPmbtjg28TGaV10uCq6/T6ngcv5VR4sc/pHZe+/ld0I+kdl77+V3QunOzYvisUbJDaJZL77lAGNpuS6taHeSs09i2K2RukFpljuvuULWOrgDWtBvp0+p4D5VR4s5PpJZe+/ld0LltGcNmJrtv5XdCmPUOi8Nk9mxIdsFxeGy+zYvKripVY6srHvQwNOjLWje5DPpBZu+/ld0I+kNm75+V3Qpl1CYvDZfZsWH7BkQBPz2XAV7WzUtXI3LEN+kVm75+V3Qj6RWbvn5XdCVFmhCbp26XcgXe14a6djjp1pQzJgu3dulu1vUpHppStbu8rYWNX0js3fPyu6FHs5LdHM9ro3VAZQ4EY1J18akxzJhx6/LiKHCPEYf08AxWDmVDQDb5MBQbmPRUnTTHSgsTayz9bZ4jfcEs2hNrJKNAGoAcgokOnQyEZcmqJPNp/03qscuH6xJ6OYFP8oy1Enm8/6blX2Wu6JPRzAoyCMnWvapA84txa4Y1uuwNFJrfleyiI7UG3yCG3GuFKgi87QMA46d875USLeDXvcKS0Yf8HgUArRQdO+Vd3yee57X5ZnMVIPHv3uE/wA/gV3fJ4P1e1+WZzEBbiEIUKZQhCpAQhCAEIQgBCEIAKpfNyNrLTA9xDQ17CScABvk7yucqk2nAcQWUSMmeyJa4ZYY2xyseRLeo1wdQXXCpocNIW/YyZSGUf8AcHNCgwU92OO1S+OOaq1ZAl6wVlYKwKYSJ+xdxH3JaRP2LvFPuUKUHBPgOILqbaUyRTauALoEyyA6G0LHzhN22rBmVB2unWp865DKtUkqFN00lRJ5Gb9Nyg+Vz19/8+yFLb+EnkpeY5RDKR68/wDn2VGYmjD8f3WG6P5wJVcfT+6SzR/OBQGXfzRvlXd8njtFr8rHzCqRf/NG+Vdvyd+02vysfNcgLeQhChTKEIVICELDnAYkgcaAyhanWlg+0OVaXZRjH2vwKA60LgOVGag4+gdK0TZdY3TQeM4NSwHVypCN2A4grFt2ekDAevwg719rjXeoCqiGWWg3AxxIwoCCajiWcciMerynuxsetzeO33KrnZSc3soJG8Yp71Kcys74IGv22VkYe4UDzWpaMcRo0jSq9xEWysFRuzZ42Z/YzwO4pWe6qcIstsdoofFcCsLGQ5rXaTuHeK73LnGUmbzh6Fia2sLXAHEtI0HWFLA84xk1B/pC3h622rI9phZemgewACpwcBv1LCQBwrijkB0EHiNVSnTfWC9a6pJcgFl61yyUBO8kly1y4gjfQC7NLebIdHW5RyNcFF7eeuu9PNUjsrSGyV+5KeVrk02Cxia03HE7ogChAxNBiSDhiqlfJGLdsxv1+n9wkM0fzg3lK7fmzGy1Ns5dIKtvOIqTSl4UaW1ry8C6MsZvWGOGUxSSmSNjXC84EFxIq2l0aqquD1dZZoxVSN7ENf8Azlcrs+Tr2m2eVi5hVJuP89JV2fJ17TbPKxcwrAzLgQhChTVbLUyJjpJXtYxgLnOcQ1rQNJJOhRp2yRkoabbHyP8ARjdTFs4ZX2uxss7TurQ8VGu5GQT+Ys/FUZaW6ACSBTckHVq0UpoWSRiej+qTknw2Pkf8KiWeuWMm28se3LQhDAQGbW58ZONXkC6b2gVJIAGFKlU3A66L7L1MbzQXaaaa3KYCu/oWa0bTdmNwxNXUFSa43NBJ0U14lWwJ6MtOs5G1ZTs8zNVHPYTvAte2grwEpH/XLXLjLlqx2cH7MbZnuHBURgE8RKgpLsGOc7WWOq+l6gu7m7jdwPLTSkvBdg68HAYVvGoGJwu6zhp3tAVBP2WKzSYz5ylzcahkDxo07pzj7l0w5tZv1G25XtEmjC/dBJ0aIq/iq4BdiA12BxiN4g3tAAu0GmvpGlLDyQLoe+uFDec5jm4uc3c1GvfNAdFVAWvFkHNRpo6QPP8AXNaDWnA0gFKtOSM0ial0bD/TLaW/hWiqhz7tCN2D9rHbGtOhlbtNNMdFVzzN1GpqMHY4kYknc00cWFN5LFLZZkTNMdlMHVOF6a0YcApRdP8A0/NGlzrPr2m9x3q19KpsOJI7K801ANTUaK6NNeHUUuNzhu8a3aFrq1OnsXFuOHoxSxC1Zch5qOrdtBZ4k0+HrApvObGbxPWssWhpOI3YcP0hh6VXRkNaiorppUVPDQY//i12R5Baa0wNdW9TUfclgWGclWRpO0ZyubTU6F5PK1w9y32LKc0R/wD7VltEJBqX7eyRpGsDa3V5VXkTnBzzXA41r6MdzjqGrUiF/Wy0nGppvU1VF3QeP91QWa+22BwrLlNrjvNbIAPSW48gUct+ScluJMdta01J0P1+hRKzkXiCPskjAHj9OCSwVDsDUOoNNKGuncnHRrRgeJ7Exna7cx3rfuFojlmJutfHIdQFKniGFU2Htd4VqNO9gcaYcPCt2TrUYpI5rrgGPY/jDSCQMNYqpYo4utMrezhcOKvup+6SMosOmo4x0K75siRPFbrSDiKgYg6MUz27MazSYuhbXfGB5dKxBVElvY0OAOLmlvFeFCT6CmiK2XZC8AGtRQ6FbL9jmzNdUNPpq4chS25h2feHqt6FkpNO6DV1ZlawZ0ysmE4DC8NLd3ecKGmnGppQUxwXNlLLkk94vDKuoXODd1hSm7JJpgrcjzHsw+z7guyHM6zD7BPpKu1la1zDZx32KKsdmdI67Ex8jqE3Y2ue6g0m60E04VeWwDYpGQWpz43MDpWBt5pbW603qAj+oJ+yVkCKI3o2lp3wSFL7E4luJrTWsDM6UIQoUoHZmt0jso3ZGuYyJjBESDdeCLzntOvdPc0+KFApJGnQRWuJLa8erSvU+XM3LJawBaYGy3dF6opyEJlOxjkjwJnrSfEs00YnnKUx4Ft0OAIJukhwJrum6MBUYAacapDg3EtIBNNLQQab4p7qL0d1L8keBt9eT4lg7FuSPA2+vJ8SXB5zEcVKVdQ8DdenEtqFgxRUAvOoKU3LdXDdqvRnUsyR4IPXk+JHUsyR4IPXk+JLg86lsVQb7qjRuWDg1NxSmGIG9eNaU0AYehq9E9S3JHgbfXk+JHUtyR4G315PiVugedHPYDVhAqd1udI5MCkODKUaQKnHCuB00wXo7qW5I8Db68nxI6luSPA2+vJ8Sl0DzlaRG5jWNo0twrQkuFa7o40pjoppxqs2h7TiCAQABVoIw36iq9GdS3JHgbfXk+JHUtyR4I315PiS4POW43/yt+Fa4mAUq7DHf9C9IdSzJHgg9eT4ljqV5I8EHtJPiV1gec2tbUmuBaBiMdNTqp/OJYjDRWrteFBoGne0r0X1Kck+C/8Ask6Vg7FGSfBj7R/SpcHneEgODi7QCMBrI0ioSgGCtHHGlRdbTDRhSi9B9SbJXeHe0cst2J8leDk8cj+lW4PO7Loa5t40JJ0DQd/DStbGNDeyqeI0ryL0eNirJPgv/sl+JbINi/JTDeFlbUb75D+F5S6BAbTnJaLJkexztMgmldtQEoBbdjv7stc2tHNY2gBHZVUWnzht0wvPtz211MO1gehgCtrZTzSNoye2KzsxgkbIxjASS0NcwtaNJwfX0KhZLHNCaSRyN4Hsew8jhVVA77LnJabO9zmTvLndkTur1NF4OBrxlWvscZZnt0UjpWMFwtDXNq29Wtat4KaRw4YKlLPk6aV24ikfXVGx7zyNBK9DbGGbctms5Mzbj3ltGa2MaDQOp9o1JUYHlmTsaVW02EDX+CdDDjVZMahRuhhXfA2iAxbGhQCkIQoUyhCFSAhCEAIQhACEIQAhCEAIQhACEIQAhCEAIQhACEIQAhCEAIQhACEIQAhCEAIQhACEIQAhCEAIQhACEIQAhCEAIQhACEIQAhCEAIQhACEIQAhCEAIQhACEIQAhCEAIQhAf/9k=', 'DELL optiplex 780', 95000, 'Intel Core i5 duo E7500', '4Go DDR3 1066Mhz', '250Go SATA', 'Windows 7 Pro', 'Ecran plat TFT 17 pouces');

-- --------------------------------------------------------

--
-- Structure de la table `produits_commandes`
--

CREATE TABLE `produits_commandes` (
  `id_commande` int(11) NOT NULL,
  `id_produit` int(11) NOT NULL,
  `quantite` int(11) NOT NULL
) ENGINE=InnoDB DEFAULT CHARSET=utf8mb4;

--
-- Déchargement des données de la table `produits_commandes`
--

INSERT INTO `produits_commandes` (`id_commande`, `id_produit`, `quantite`) VALUES
(13, 44, 1);

-- --------------------------------------------------------

--
-- Structure de la table `produits_panier`
--

CREATE TABLE `produits_panier` (
  `id_produit` int(11) NOT NULL,
  `id_client` int(11) NOT NULL,
  `quantite` int(5) NOT NULL
) ENGINE=InnoDB DEFAULT CHARSET=utf8mb4;

--
-- Déchargement des données de la table `produits_panier`
--

INSERT INTO `produits_panier` (`id_produit`, `id_client`, `quantite`) VALUES
(43, 42, 1),
(43, 48, 1);

-- --------------------------------------------------------

--
-- Structure de la table `reponse`
--

CREATE TABLE `reponse` (
  `id_message` int(11) NOT NULL,
  `reponse` text NOT NULL,
  `date` datetime NOT NULL
) ENGINE=InnoDB DEFAULT CHARSET=utf8mb4;

--
-- Déchargement des données de la table `reponse`
--

INSERT INTO `reponse` (`id_message`, `reponse`, `date`) VALUES
(9, '		\r\n	cfbn,;l:m!', '2020-09-01 11:48:05'),
(10, '		\r\n	hello', '2020-09-02 11:38:15'),
(16, '		hff\r\n	', '2020-09-04 19:16:15'),
(16, '		\r\n	', '2020-09-04 19:20:23');

-- --------------------------------------------------------

--
-- Structure de la table `sous_categorie`
--

CREATE TABLE `sous_categorie` (
  `id_sous_categorie` int(5) NOT NULL,
  `designation` varchar(10) NOT NULL,
  `id_categorie` int(2) NOT NULL
) ENGINE=InnoDB DEFAULT CHARSET=utf8mb4;

--
-- Déchargement des données de la table `sous_categorie`
--

INSERT INTO `sous_categorie` (`id_sous_categorie`, `designation`, `id_categorie`) VALUES
(1, 'Bureau', 1),
(2, 'Portable', 1),
(3, 'Souris', 2),
(4, 'Gamer', 1),
(5, 'Clavier', 2),
(6, 'Imprimante', 2);

--
-- Index pour les tables déchargées
--

--
-- Index pour la table `categorie`
--
ALTER TABLE `categorie`
  ADD PRIMARY KEY (`id_categorie`);

--
-- Index pour la table `clients`
--
ALTER TABLE `clients`
  ADD PRIMARY KEY (`id`);

--
-- Index pour la table `commande`
--
ALTER TABLE `commande`
  ADD PRIMARY KEY (`id_commande`),
  ADD KEY `id_client` (`id_client`);

--
-- Index pour la table `contacts`
--
ALTER TABLE `contacts`
  ADD PRIMARY KEY (`id`);

--
-- Index pour la table `marque`
--
ALTER TABLE `marque`
  ADD PRIMARY KEY (`id_marque`);

--
-- Index pour la table `produits`
--
ALTER TABLE `produits`
  ADD PRIMARY KEY (`id`),
  ADD KEY `id_sous_categorie` (`id_sous_categorie`),
  ADD KEY `marque` (`marque`);

--
-- Index pour la table `produits_commandes`
--
ALTER TABLE `produits_commandes`
  ADD KEY `id_produit` (`id_produit`),
  ADD KEY `id_commande` (`id_commande`);

--
-- Index pour la table `reponse`
--
ALTER TABLE `reponse`
  ADD KEY `id_message` (`id_message`);

--
-- Index pour la table `sous_categorie`
--
ALTER TABLE `sous_categorie`
  ADD PRIMARY KEY (`id_sous_categorie`),
  ADD KEY `sous_categorie_ibfk_1` (`id_categorie`);

--
-- AUTO_INCREMENT pour les tables déchargées
--

--
-- AUTO_INCREMENT pour la table `categorie`
--
ALTER TABLE `categorie`
  MODIFY `id_categorie` int(2) NOT NULL AUTO_INCREMENT, AUTO_INCREMENT=3;

--
-- AUTO_INCREMENT pour la table `clients`
--
ALTER TABLE `clients`
  MODIFY `id` int(11) NOT NULL AUTO_INCREMENT, AUTO_INCREMENT=51;

--
-- AUTO_INCREMENT pour la table `commande`
--
ALTER TABLE `commande`
  MODIFY `id_commande` int(11) NOT NULL AUTO_INCREMENT, AUTO_INCREMENT=16;

--
-- AUTO_INCREMENT pour la table `contacts`
--
ALTER TABLE `contacts`
  MODIFY `id` int(11) NOT NULL AUTO_INCREMENT, AUTO_INCREMENT=18;

--
-- AUTO_INCREMENT pour la table `marque`
--
ALTER TABLE `marque`
  MODIFY `id_marque` int(11) NOT NULL AUTO_INCREMENT, AUTO_INCREMENT=6;

--
-- AUTO_INCREMENT pour la table `produits`
--
ALTER TABLE `produits`
  MODIFY `id` int(11) NOT NULL AUTO_INCREMENT, AUTO_INCREMENT=56;

--
-- AUTO_INCREMENT pour la table `sous_categorie`
--
ALTER TABLE `sous_categorie`
  MODIFY `id_sous_categorie` int(5) NOT NULL AUTO_INCREMENT, AUTO_INCREMENT=7;

--
-- Contraintes pour les tables déchargées
--

--
-- Contraintes pour la table `commande`
--
ALTER TABLE `commande`
  ADD CONSTRAINT `commande_ibfk_1` FOREIGN KEY (`id_client`) REFERENCES `clients` (`id`);

--
-- Contraintes pour la table `produits`
--
ALTER TABLE `produits`
  ADD CONSTRAINT `produits_ibfk_1` FOREIGN KEY (`id_sous_categorie`) REFERENCES `sous_categorie` (`id_sous_categorie`),
  ADD CONSTRAINT `produits_ibfk_2` FOREIGN KEY (`marque`) REFERENCES `marque` (`id_marque`);

--
-- Contraintes pour la table `produits_commandes`
--
ALTER TABLE `produits_commandes`
  ADD CONSTRAINT `produits_commandes_ibfk_1` FOREIGN KEY (`id_produit`) REFERENCES `produits` (`id`),
  ADD CONSTRAINT `produits_commandes_ibfk_3` FOREIGN KEY (`id_commande`) REFERENCES `commande` (`id_commande`);

--
-- Contraintes pour la table `reponse`
--
ALTER TABLE `reponse`
  ADD CONSTRAINT `reponse_ibfk_1` FOREIGN KEY (`id_message`) REFERENCES `contacts` (`id`);

--
-- Contraintes pour la table `sous_categorie`
--
ALTER TABLE `sous_categorie`
  ADD CONSTRAINT `sous_categorie_ibfk_1` FOREIGN KEY (`id_categorie`) REFERENCES `categorie` (`id_categorie`);
COMMIT;

/*!40101 SET CHARACTER_SET_CLIENT=@OLD_CHARACTER_SET_CLIENT */;
/*!40101 SET CHARACTER_SET_RESULTS=@OLD_CHARACTER_SET_RESULTS */;
/*!40101 SET COLLATION_CONNECTION=@OLD_COLLATION_CONNECTION */;
